datetime,arrival_rate,job_count,hour,day_of_week,is_weekend,is_business_hours,arrival_rate_mean_12,arrival_rate_std_12,arrival_rate_max_12,arrival_rate_min_12,arrival_rate_mean_24,arrival_rate_std_24,arrival_rate_max_24,arrival_rate_min_24,scenario
2011-05-01 00:00:00,380233.84,380234,0,6,1,0,380233.84375,,380233.84375,380233.84375,380233.84375,,380233.84375,380233.84375,scenario_nominal
2011-05-01 00:05:00,386220.06,386220,0,6,1,0,383226.953125,4232.895871791058,386220.0625,380233.84375,383226.953125,4232.895871791058,386220.0625,380233.84375,scenario_nominal
2011-05-01 00:10:00,382799.38,382799,0,6,1,0,383084.4270833333,3003.2723400271893,386220.0625,380233.84375,383084.4270833333,3003.2723400271893,386220.0625,380233.84375,scenario_nominal
2011-05-01 00:15:00,372964.8,372965,0,6,1,0,380554.5234375,5622.699203026786,386220.0625,372964.8125,380554.5234375,5622.699203026786,386220.0625,372964.8125,scenario_nominal
2011-05-01 00:20:00,363557.88,363558,0,6,1,0,377155.19375,9027.085430380212,386220.0625,363557.875,377155.19375,9027.085430380212,386220.0625,363557.875,scenario_nominal
2011-05-01 00:25:00,356288.88,356289,0,6,1,0,373677.4739583333,11737.028022033785,386220.0625,356288.875,373677.4739583333,11737.028022033785,386220.0625,356288.875,scenario_nominal
2011-05-01 00:30:00,352440.56,352441,0,6,1,0,370643.62946428574,13387.594103875164,386220.0625,352440.5625,370643.62946428574,13387.594103875164,386220.0625,352440.5625,scenario_nominal
2011-05-01 00:35:00,352012.97,352013,0,6,1,0,368314.796875,14036.075378213069,386220.0625,352012.96875,368314.796875,14036.075378213069,386220.0625,352012.96875,scenario_nominal
2011-05-01 00:40:00,354578.53,354579,0,6,1,0,366788.5451388889,13905.034511926204,386220.0625,352012.96875,366788.5451388889,13905.034511926204,386220.0625,352012.96875,scenario_nominal
2011-05-01 00:45:00,359282.0,359282,0,6,1,0,366037.890625,13322.967954930016,386220.0625,352012.96875,366037.890625,13322.967954930016,386220.0625,352012.96875,scenario_nominal
2011-05-01 00:50:00,365695.8,365696,0,6,1,0,366006.7926136364,12639.698001325089,386220.0625,352012.96875,366006.7926136364,12639.698001325089,386220.0625,352012.96875,scenario_nominal
2011-05-01 00:55:00,371254.47,371254,0,6,1,0,366444.0989583333,12146.316008679818,386220.0625,352012.96875,366444.0989583333,12146.316008679818,386220.0625,352012.96875,scenario_nominal
2011-05-01 01:00:00,376813.12,376813,1,6,1,0,366159.0390625,11829.268202650965,386220.0625,352012.96875,367241.7163461539,11979.528037437429,386220.0625,352012.96875,scenario_nominal
2011-05-01 01:05:00,380661.44,380661,1,6,1,0,365695.8203125,11055.83962548382,382799.375,352012.96875,368200.2678571429,12055.431351293995,386220.0625,352012.96875,scenario_nominal
2011-05-01 01:10:00,384082.12,384082,1,6,1,0,365802.7161458333,11240.89524318832,384082.125,352012.96875,369259.05833333335,12319.41659412362,386220.0625,352012.96875,scenario_nominal
2011-05-01 01:15:00,386220.06,386220,1,6,1,0,366907.3203125,12580.163274453873,386220.0625,352012.96875,370319.12109375,12634.472120668615,386220.0625,352012.96875,scenario_nominal
2011-05-01 01:20:00,387075.25,387075,1,6,1,0,368867.1015625,13785.04882286138,387075.25,352012.96875,371304.7757352941,12890.646769585011,387075.25,352012.96875,scenario_nominal
2011-05-01 01:25:00,386647.66,386648,1,6,1,0,371397.0,14050.024231050624,387075.25,352012.96875,372157.1579861111,13018.146542135628,387075.25,352012.96875,scenario_nominal
2011-05-01 01:30:00,384937.3,384937,1,6,1,0,374105.0625,13168.2307077008,387075.25,352012.96875,372829.7976973684,12986.664698044073,387075.25,352012.96875,scenario_nominal
2011-05-01 01:35:00,382371.78,382372,1,6,1,0,376634.9635416667,11325.347841131626,387075.25,354578.53125,373306.896875,12819.104281957643,387075.25,352012.96875,scenario_nominal
2011-05-01 01:40:00,379806.25,379806,1,6,1,0,378737.2734375,8951.550960259632,387075.25,359282.0,373616.3898809524,12574.755154575452,387075.25,352012.96875,scenario_nominal
2011-05-01 01:45:00,376813.12,376813,1,6,1,0,380198.2005208333,6612.769313321097,387075.25,365695.8125,373761.6960227273,12290.615766133596,387075.25,352012.96875,scenario_nominal
2011-05-01 01:50:00,373820.0,373820,1,6,1,0,380875.2161458333,5273.241883685715,387075.25,371254.46875,373764.23097826086,12008.04125591215,387075.25,352012.96875,scenario_nominal
2011-05-01 01:55:00,369971.72,369972,1,6,1,0,380768.3203125,5494.362681038982,387075.25,369971.71875,373606.2096354167,11769.583230786757,387075.25,352012.96875,scenario_nominal
2011-05-01 02:00:00,366123.4,366123,2,6,1,0,379877.5104166667,6884.605122831854,387075.25,366123.40625,373018.2747395833,11776.54605515976,387075.25,352012.96875,scenario_nominal
2011-05-01 02:05:00,361847.53,361848,2,6,1,0,378309.6848958333,8614.703864396286,387075.25,361847.53125,372002.7526041667,11638.671139992084,387075.25,352012.96875,scenario_nominal
2011-05-01 02:10:00,356716.47,356716,2,6,1,0,376029.2135416667,10387.421033425177,387075.25,356716.46875,370915.96484375,11803.290166684175,387075.25,352012.96875,scenario_nominal
2011-05-01 02:15:00,351157.8,351158,2,6,1,0,373107.359375,12057.325494979592,387075.25,351157.8125,370007.33984375,12459.811174158946,387075.25,351157.8125,scenario_nominal
2011-05-01 02:20:00,345171.56,345172,2,6,1,0,369615.3854166667,13611.994283224503,386647.65625,345171.5625,369241.2434895833,13403.135788064432,387075.25,345171.5625,scenario_nominal
2011-05-01 02:25:00,342178.44,342178,2,6,1,0,365909.6171875,14572.843720908246,384937.3125,342178.4375,368653.30859375,14276.99384669023,387075.25,342178.4375,scenario_nominal
2011-05-01 02:30:00,346881.9,346882,2,6,1,0,362738.3333333333,14191.423832933611,382371.78125,342178.4375,368421.6979166667,14593.033039685644,387075.25,342178.4375,scenario_nominal
2011-05-01 02:35:00,362702.7,362703,2,6,1,0,361099.2421875,12783.694054900569,379806.25,342178.4375,368867.1028645833,14229.029634024886,387075.25,342178.4375,scenario_nominal
2011-05-01 02:40:00,387075.25,387075,2,6,1,0,361704.9921875,13876.23479979816,387075.25,342178.4375,370221.1328125,14355.840127188983,387075.25,342178.4375,scenario_nominal
2011-05-01 02:45:00,419999.56,420000,2,6,1,0,365303.8619791667,21600.98419458292,419999.5625,342178.4375,372751.03125,17376.510283296513,419999.5625,342178.4375,scenario_nominal
2011-05-01 02:50:00,467034.3,467034,2,6,1,0,373071.7213541667,36537.7911272765,467034.3125,342178.4375,376973.46875,25839.266588771785,467034.3125,342178.4375,scenario_nominal
2011-05-01 02:55:00,525613.94,525614,2,6,1,0,386041.90625,57148.86566981835,525613.9375,342178.4375,383405.11328125,39795.59392622141,525613.9375,342178.4375,scenario_nominal
2011-05-01 03:00:00,577352.2,577352,3,6,1,0,403644.3046875,78861.59638107673,577352.1875,342178.4375,391760.9075520833,56074.95137357938,577352.1875,342178.4375,scenario_nominal
2011-05-01 03:05:00,588041.9,588042,3,6,1,0,422493.8333333333,93615.51062570044,588041.875,342178.4375,400401.7591145833,68819.9542331712,588041.875,342178.4375,scenario_nominal
2011-05-01 03:10:00,554689.94,554690,3,6,1,0,438991.6223958333,98297.10338131367,588041.875,342178.4375,407510.41796875,75543.82520446429,588041.875,342178.4375,scenario_nominal
2011-05-01 03:15:00,520482.9,520483,3,6,1,0,453102.046875,96682.38915519354,588041.875,342178.4375,413104.703125,78799.8009125343,588041.875,342178.4375,scenario_nominal
2011-05-01 03:20:00,507227.66,507228,3,6,1,0,466606.7213541667,91410.36615159384,588041.875,342178.4375,418111.0533854167,80863.94133608436,588041.875,342178.4375,scenario_nominal
2011-05-01 03:25:00,504662.12,504662,3,6,1,0,480147.0286458333,82945.84339674677,588041.875,346881.90625,423028.3229166667,82440.30907274714,588041.875,342178.4375,scenario_nominal
2011-05-01 03:30:00,499531.06,499531,3,6,1,0,492867.7916666667,71576.07299806691,588041.875,362702.6875,427803.0625,83450.55647697774,588041.875,342178.4375,scenario_nominal
2011-05-01 03:35:00,486703.4,486703,3,6,1,0,503201.1848958333,58905.29656797624,588041.875,387075.25,432150.2135416667,83698.11111599124,588041.875,342178.4375,scenario_nominal
2011-05-01 03:40:00,467461.9,467462,3,6,1,0,509900.0729166667,48073.55696834777,588041.875,419999.5625,435802.5325520833,83225.85201513403,588041.875,342178.4375,scenario_nominal
2011-05-01 03:45:00,445227.3,445227,3,6,1,0,512002.3854166667,44178.5254579656,588041.875,445227.3125,438653.1236979167,82283.84901494253,588041.875,342178.4375,scenario_nominal
2011-05-01 03:50:00,423420.28,423420,3,6,1,0,508367.8828125,49667.35667933991,588041.875,423420.28125,440719.8020833333,81200.43085446372,588041.875,342178.4375,scenario_nominal
2011-05-01 03:55:00,401185.7,401186,3,6,1,0,497998.8619791667,58024.84341591655,588041.875,401185.6875,442020.3841145833,80262.55500476304,588041.875,342178.4375,scenario_nominal
2011-05-01 04:00:00,380233.84,380234,4,6,1,0,481572.3333333333,61325.79622944541,588041.875,380233.84375,442608.3190104167,79732.35588603957,588041.875,342178.4375,scenario_nominal
2011-05-01 04:05:00,365268.22,365268,4,6,1,0,463007.8619791667,59866.96973769664,554689.9375,365268.21875,442750.84765625,79584.63254292542,588041.875,342178.4375,scenario_nominal
2011-05-01 04:10:00,358854.4,358854,4,6,1,0,446688.234375,59292.01321975896,520482.90625,358854.40625,442839.9283854167,79485.2800232584,588041.875,342178.4375,scenario_nominal
2011-05-01 04:15:00,362702.7,362703,4,6,1,0,433539.8828125,58933.19781305055,507227.65625,358854.40625,443320.96484375,78939.36515270048,588041.875,342178.4375,scenario_nominal
2011-05-01 04:20:00,372537.25,372537,4,6,1,0,422315.6822916667,56394.69750790691,504662.125,358854.40625,444461.2018229167,77647.0731451415,588041.875,342178.4375,scenario_nominal
2011-05-01 04:25:00,384082.12,384082,4,6,1,0,412267.3489583333,50859.1827949009,499531.0625,358854.40625,446207.1888020833,75693.6816075034,588041.875,346881.90625,scenario_nominal
2011-05-01 04:30:00,392206.3,392206,4,6,1,0,403323.6197916667,42938.462527030206,486703.40625,358854.40625,448095.7057291667,73645.5246701873,588041.875,358854.40625,scenario_nominal
2011-05-01 04:35:00,392633.9,392634,4,6,1,0,395484.4947916667,33985.94070630212,467461.90625,358854.40625,449342.83984375,72379.12604022358,588041.875,358854.40625,scenario_nominal
2011-05-01 04:40:00,388358.03,388358,4,6,1,0,388892.5052083333,25323.49362832565,445227.3125,358854.40625,449396.2890625,72331.60261768512,588041.875,358854.40625,scenario_nominal
2011-05-01 04:45:00,384509.72,384510,4,6,1,0,383832.7057291667,18071.705861775925,423420.28125,358854.40625,447917.5455729167,73314.81137963376,588041.875,358854.40625,scenario_nominal
2011-05-01 04:50:00,384937.3,384937,4,6,1,0,380625.7916666667,13153.23854745701,401185.6875,358854.40625,444496.8372395833,74292.79476552106,588041.875,358854.40625,scenario_nominal
2011-05-01 04:55:00,387930.44,387930,4,6,1,0,379521.1875,11751.561818220802,392633.90625,358854.40625,438760.0247395833,73062.37785935363,588041.875,358854.40625,scenario_nominal
2011-05-01 05:00:00,386220.06,386220,5,6,1,0,380020.0390625,11910.545631346153,392633.90625,358854.40625,430796.1861979167,67504.28940140852,588041.875,358854.40625,scenario_nominal
2011-05-01 05:05:00,379378.66,379379,5,6,1,0,381195.9088541667,10982.114392280968,392633.90625,358854.40625,422101.8854166667,59311.42714441132,554689.9375,358854.40625,scenario_nominal
2011-05-01 05:10:00,371254.47,371254,5,6,1,0,382229.2473958333,9113.183417490232,392633.90625,362702.6875,414458.7408854167,52961.95861775562,520482.90625,358854.40625,scenario_nominal
2011-05-01 05:15:00,364840.66,364841,5,6,1,0,382407.4114583333,8708.652351031524,392633.90625,364840.65625,407973.6471354167,48778.89979212043,507227.65625,358854.40625,scenario_nominal
2011-05-01 05:20:00,360992.34,360992,5,6,1,0,381445.3359375,10376.217779693456,392633.90625,360992.34375,401880.5091145833,44813.923056430416,504662.125,358854.40625,scenario_nominal
2011-05-01 05:25:00,360564.75,360565,5,6,1,0,379485.5546875,11936.506842025312,392633.90625,360564.75,395876.4518229167,39819.363645142665,499531.0625,358854.40625,scenario_nominal
2011-05-01 05:30:00,363557.88,363558,5,6,1,0,377098.1848958333,12025.582723073308,392633.90625,360564.75,390210.90234375,33620.79380966379,486703.40625,358854.40625,scenario_nominal
2011-05-01 05:35:00,368688.94,368689,5,6,1,0,375102.7708333333,11169.510913539394,388358.03125,360564.75,385293.6328125,26841.168546956764,467461.90625,358854.40625,scenario_nominal
2011-05-01 05:40:00,375957.94,375958,5,6,1,0,374069.4296875,10377.219669477512,387930.4375,360564.75,381480.9674479167,20384.315796298622,445227.3125,358854.40625,scenario_nominal
2011-05-01 05:45:00,384509.72,384510,5,6,1,0,374069.4296875,10377.219669477512,387930.4375,360564.75,378951.0677083333,15249.99644112379,423420.28125,358854.40625,scenario_nominal
2011-05-01 05:50:00,393489.1,393489,5,6,1,0,374782.078125,11431.502051480224,393489.09375,360564.75,377703.9348958333,12415.71599709875,401185.6875,358854.40625,scenario_nominal
2011-05-01 05:55:00,401613.25,401613,5,6,1,0,375922.3125,13378.756727994418,401613.25,360564.75,377721.75,12451.130753418562,401613.25,358854.40625,scenario_nominal
2011-05-01 06:00:00,408882.28,408882,6,6,1,0,377810.8307291667,16254.84632396007,408882.28125,360564.75,378915.4348958333,13981.627692659282,408882.28125,358854.40625,scenario_nominal
2011-05-01 06:05:00,414013.34,414013,6,6,1,0,380697.0546875,19340.53850542726,414013.34375,360564.75,380946.4817708333,15383.205214061993,414013.34375,358854.40625,scenario_nominal
2011-05-01 06:10:00,417434.03,417434,6,6,1,0,384545.3515625,21736.753705497413,417434.03125,360564.75,383387.2994791667,16342.912758934912,417434.03125,360564.75,scenario_nominal
2011-05-01 06:15:00,419144.4,419144,6,6,1,0,389070.6640625,22883.95469522905,419144.40625,360564.75,385739.0377604167,17271.577182469213,419144.40625,360564.75,scenario_nominal
2011-05-01 06:20:00,420427.16,420427,6,6,1,0,394023.5651041667,22685.38174367141,420427.15625,360564.75,387734.4505208333,18408.98638869388,420427.15625,360564.75,scenario_nominal
2011-05-01 06:25:00,422565.1,422565,6,6,1,0,399190.2604166667,21396.009945052545,422565.09375,363557.875,389337.9075520833,19707.222661823085,422565.09375,360564.75,scenario_nominal
2011-05-01 06:30:00,427696.2,427696,6,6,1,0,404535.1197916667,19623.25240578532,427696.1875,368688.9375,390816.65234375,21206.301157281017,427696.1875,360564.75,scenario_nominal
2011-05-01 06:35:00,434110.0,434110,6,6,1,0,409986.875,17758.11599605683,434110.0,375957.9375,392544.8229166667,22976.925643493745,434110.0,360564.75,scenario_nominal
2011-05-01 06:40:00,438385.88,438386,6,6,1,0,415189.203125,15933.445440338162,438385.875,384509.71875,394629.31640625,24779.18980819677,438385.875,360564.75,scenario_nominal
2011-05-01 06:45:00,438385.88,438386,6,6,1,0,419678.8828125,13972.667018819506,438385.875,393489.09375,396874.15625,26221.03081807044,438385.875,360564.75,scenario_nominal
2011-05-01 06:50:00,434110.0,434110,6,6,1,0,423063.9583333333,11803.069387266927,438385.875,401613.25,398923.0182291667,27152.346592450554,438385.875,360564.75,scenario_nominal
2011-05-01 06:55:00,428978.94,428979,6,6,1,0,425344.4322916667,9746.25461587318,438385.875,408882.28125,400633.3723958333,27716.783696555714,438385.875,360564.75,scenario_nominal
2011-05-01 07:00:00,424275.47,424275,7,6,1,0,426627.1979166667,8286.235485662062,438385.875,414013.34375,402219.0143229167,27943.98530231062,438385.875,360564.75,scenario_nominal
2011-05-01 07:05:00,421282.34,421282,7,6,1,0,427232.9479166667,7509.591661440185,438385.875,417434.03125,403965.0013020833,27763.35598248532,438385.875,360564.75,scenario_nominal
2011-05-01 07:10:00,418716.8,418717,7,6,1,0,427339.8463541667,7365.165575011862,438385.875,418716.8125,405942.5989583333,27012.28874005684,438385.875,360564.75,scenario_nominal
2011-05-01 07:15:00,415723.7,415724,7,6,1,0,427054.7864583333,7766.461120592604,438385.875,415723.6875,408062.7252604167,25606.289677606637,438385.875,360564.75,scenario_nominal
2011-05-01 07:20:00,413158.16,413158,7,6,1,0,426449.0364583333,8572.072805088932,438385.875,413158.15625,410236.30078125,23570.10256437596,438385.875,360564.75,scenario_nominal
2011-05-01 07:25:00,411020.22,411020,7,6,1,0,425486.9635416667,9630.166369207514,438385.875,411020.21875,412338.6119791667,21064.004301597823,438385.875,363557.875,scenario_nominal
2011-05-01 07:30:00,409737.44,409737,7,6,1,0,423990.4010416667,10602.022343646486,438385.875,409737.4375,414262.7604166667,18348.4057492736,438385.875,368688.9375,scenario_nominal
2011-05-01 07:35:00,409309.88,409310,7,6,1,0,421923.7239583333,10863.991260992954,438385.875,409309.875,415955.2994791667,15634.517368082768,438385.875,375957.9375,scenario_nominal
2011-05-01 07:40:00,407171.9,407172,7,6,1,0,419322.5598958333,10285.5168355978,438385.875,407171.90625,417255.8815104167,13284.249861987955,438385.875,384509.71875,scenario_nominal
2011-05-01 07:45:00,403323.62,403324,7,6,1,0,416400.7057291667,9311.867189551049,434110.0,403323.625,418039.7942708333,11732.31862228252,438385.875,393489.09375,scenario_nominal
2011-05-01 07:50:00,396909.78,396910,7,6,1,0,413300.6875,9069.30514198035,428978.9375,396909.78125,418182.3229166667,11438.191013289004,438385.875,396909.78125,scenario_nominal
2011-05-01 07:55:00,389213.2,389213,7,6,1,0,409986.875,10033.57611906382,424275.46875,389213.1875,417665.6536458333,12454.108475799132,438385.875,389213.1875,scenario_nominal
2011-05-01 08:00:00,381516.6,381517,8,6,1,0,406423.6354166667,11914.20860787018,421282.34375,381516.59375,416525.4166666667,14394.767080860507,438385.875,381516.59375,scenario_nominal
2011-05-01 08:05:00,375102.78,375103,8,6,1,0,402575.3385416667,13960.769907811107,418716.8125,375102.78125,414904.1432291667,16697.114951633142,438385.875,375102.78125,scenario_nominal
2011-05-01 08:10:00,370826.88,370827,8,6,1,0,398584.5104166667,15667.660110839852,415723.6875,370826.875,412962.1783854167,18948.61435742609,438385.875,370826.875,scenario_nominal
2011-05-01 08:15:00,369544.12,369544,8,6,1,0,394736.2135416667,16711.75752368249,413158.15625,369544.125,410895.5,20854.099032760016,438385.875,369544.125,scenario_nominal
2011-05-01 00:00:00,306261.0,306261,0,6,1,0,306261.0,,306261.0,306261.0,306261.0,,306261.0,306261.0,scenario_optimistic
2011-05-01 00:05:00,295143.7,295144,0,6,1,0,300702.34375,7861.12705731997,306261.0,295143.6875,300702.34375,7861.12705731997,306261.0,295143.6875,scenario_optimistic
2011-05-01 00:10:00,303267.88,303268,0,6,1,0,301557.5208333333,5752.620519140786,306261.0,295143.6875,301557.5208333333,5752.620519140786,306261.0,295143.6875,scenario_optimistic
2011-05-01 00:15:00,291295.4,291295,0,6,1,0,298991.9921875,6956.256954847102,306261.0,291295.40625,298991.9921875,6956.256954847102,306261.0,291295.40625,scenario_optimistic
2011-05-01 00:20:00,263074.53,263075,0,6,1,0,291808.5,17155.3179263971,306261.0,263074.53125,291808.5,17155.3179263971,306261.0,263074.53125,scenario_optimistic
2011-05-01 00:25:00,242550.28,242550,0,6,1,0,283598.796875,25295.0449481399,306261.0,242550.28125,283598.796875,25295.0449481399,306261.0,242550.28125,scenario_optimistic
2011-05-01 00:30:00,245543.4,245543,0,6,1,0,278162.3125,27204.53918541933,306261.0,242550.28125,278162.3125,27204.53918541933,306261.0,242550.28125,scenario_optimistic
2011-05-01 00:35:00,284453.97,284454,0,6,1,0,278948.76953125,25284.547892277824,306261.0,242550.28125,278948.76953125,25284.547892277824,306261.0,242550.28125,scenario_optimistic
2011-05-01 00:40:00,366978.6,366979,0,6,1,0,288729.8611111111,37688.49412347154,366978.59375,242550.28125,288729.8611111111,37688.49412347154,366978.59375,242550.28125,scenario_optimistic
2011-05-01 00:45:00,489696.53,489697,0,6,1,0,308826.528125,72810.42581816399,489696.53125,242550.28125,308826.528125,72810.42581816399,489696.53125,242550.28125,scenario_optimistic
2011-05-01 00:50:00,565807.25,565807,0,6,1,0,332188.4119318182,103801.61878350518,565807.25,242550.28125,332188.4119318182,103801.61878350518,565807.25,242550.28125,scenario_optimistic
2011-05-01 00:55:00,546138.2,546138,0,6,1,0,350017.5598958333,116661.01821515492,565807.25,242550.28125,350017.5598958333,116661.01821515492,565807.25,242550.28125,scenario_optimistic
2011-05-01 01:00:00,504662.12,504662,1,6,1,0,366550.9869791667,123740.11597988312,565807.25,242550.28125,361913.29567307694,119646.3732252099,565807.25,242550.28125,scenario_optimistic
2011-05-01 01:05:00,473448.16,473448,1,6,1,0,381409.6927083333,125084.1200871428,565807.25,242550.28125,369880.0714285714,118754.59745339472,565807.25,242550.28125,scenario_optimistic
2011-05-01 01:10:00,447792.84,447793,1,6,1,0,393453.4401041667,123827.72671195802,565807.25,242550.28125,375074.25625,116189.56621571833,565807.25,242550.28125,scenario_optimistic
2011-05-01 01:15:00,425130.62,425131,1,6,1,0,404606.375,119750.076716488,565807.25,242550.28125,378202.779296875,112945.1937040598,565807.25,242550.28125,scenario_optimistic
2011-05-01 01:20:00,402896.03,402896,1,6,1,0,416258.1666666667,111225.9702757492,565807.25,242550.28125,379655.32352941175,109522.58339151656,565807.25,242550.28125,scenario_optimistic
2011-05-01 01:25:00,376813.12,376813,1,6,1,0,427446.7369791667,98147.68727424016,565807.25,245543.40625,379497.4236111111,106254.62472249004,565807.25,242550.28125,scenario_optimistic
2011-05-01 01:30:00,349875.03,349875,1,6,1,0,436141.0390625,84198.95854725999,565807.25,284453.96875,377938.35032894736,103484.3177389974,565807.25,242550.28125,scenario_optimistic
2011-05-01 01:35:00,330633.56,330634,1,6,1,0,439989.3385416667,77418.14341547886,565807.25,330633.5625,375573.1109375,101278.12880907091,565807.25,242550.28125,scenario_optimistic
2011-05-01 01:40:00,325502.5,325502,1,6,1,0,436532.9973958333,81777.17510168681,565807.25,325502.5,373188.7961309524,99316.56712424464,565807.25,242550.28125,scenario_optimistic
2011-05-01 01:45:00,330633.56,330634,1,6,1,0,423277.75,85196.2867419745,565807.25,325502.5,371254.4673295455,97346.7641260854,565807.25,242550.28125,scenario_optimistic
2011-05-01 01:50:00,328923.2,328923,1,6,1,0,403537.4114583333,76130.52996858227,546138.1875,325502.5,369413.9769021739,95517.31616902018,565807.25,242550.28125,scenario_optimistic
2011-05-01 01:55:00,320371.44,320371,1,6,1,0,384723.515625,64729.14146720205,504662.125,320371.4375,367370.5377604167,93952.63014697876,565807.25,242550.28125,scenario_optimistic
2011-05-01 02:00:00,315667.94,315668,2,6,1,0,368974.0,55181.778323345534,473448.15625,315667.9375,367762.4934895833,93705.90453547232,565807.25,242550.28125,scenario_optimistic
2011-05-01 02:05:00,303695.47,303695,2,6,1,0,354827.9427083333,47136.57267925516,447792.84375,303695.46875,368118.8177083333,93433.62349806807,565807.25,242550.28125,scenario_optimistic
2011-05-01 02:10:00,281033.28,281033,2,6,1,0,340931.3125,41479.68241277446,425130.625,281033.28125,367192.3763020833,94211.60568249172,565807.25,242550.28125,scenario_optimistic
2011-05-01 02:15:00,271198.72,271199,2,6,1,0,328103.6536458333,36587.04317252992,402896.03125,271198.71875,366355.0143229167,95001.51414500586,565807.25,242550.28125,scenario_optimistic
2011-05-01 02:20:00,268633.2,268633,2,6,1,0,316915.0833333333,31859.573040367497,376813.125,268633.1875,366586.625,94745.2021674108,565807.25,242550.28125,scenario_optimistic
2011-05-01 02:25:00,266495.25,266495,2,6,1,0,307721.9270833333,28771.15201863907,349875.03125,266495.25,367584.33203125,93500.15238093583,565807.25,245543.40625,scenario_optimistic
2011-05-01 02:30:00,265640.1,265640,2,6,1,0,300702.3489583333,27811.4983651283,330633.5625,265640.09375,368421.6940104167,92443.68846283598,565807.25,265640.09375,scenario_optimistic
2011-05-01 02:35:00,267350.44,267350,2,6,1,0,295428.7552083333,27619.19098251672,330633.5625,265640.09375,367709.046875,93182.11448246964,565807.25,265640.09375,scenario_optimistic
2011-05-01 02:40:00,277612.56,277613,2,6,1,0,291437.9270833333,26307.418419979665,330633.5625,265640.09375,363985.4622395833,94980.75995576798,565807.25,265640.09375,scenario_optimistic
2011-05-01 02:45:00,288302.28,288302,2,6,1,0,287910.3203125,23232.20575737489,328923.1875,265640.09375,355594.03515625,92248.62797846504,565807.25,265640.09375,scenario_optimistic
2011-05-01 02:50:00,285736.75,285737,2,6,1,0,284311.4505208333,19316.351988355385,320371.4375,265640.09375,343924.4309895833,81600.23126848335,546138.1875,265640.09375,scenario_optimistic
2011-05-01 02:55:00,276329.78,276330,2,6,1,0,280641.3125,15684.623106220812,315667.9375,265640.09375,332682.4140625,70338.68091994809,504662.125,265640.09375,scenario_optimistic
2011-05-01 03:00:00,266922.84,266923,3,6,1,0,276579.2213541667,11557.784995623157,303695.46875,265640.09375,322776.6106770833,61214.33915148724,473448.15625,265640.09375,scenario_optimistic
2011-05-01 03:05:00,257515.88,257516,3,6,1,0,272730.921875,9144.366019409284,288302.28125,257515.875,313779.4322916667,53486.99965189931,447792.84375,257515.875,scenario_optimistic
2011-05-01 03:10:00,244260.64,244261,3,6,1,0,269666.53515625,11865.748570739355,288302.28125,244260.640625,305298.923828125,47064.69710082268,425130.625,244260.640625,scenario_optimistic
2011-05-01 03:15:00,228012.27,228012,3,6,1,0,266067.6640625,16857.865675345594,288302.28125,228012.265625,297085.6588541667,42190.85879620112,402896.03125,228012.265625,scenario_optimistic
2011-05-01 03:20:00,217322.55,217323,3,6,1,0,261791.77734375,21900.954812609714,288302.28125,217322.546875,289353.4303385417,38826.817018726506,376813.125,217322.546875,scenario_optimistic
2011-05-01 03:25:00,213901.84,213902,3,6,1,0,257408.9934895833,25791.097110122144,288302.28125,213901.84375,282565.4602864583,37072.728981845554,349875.03125,213901.84375,scenario_optimistic
2011-05-01 03:30:00,214757.02,214757,3,6,1,0,253168.73697916663,28368.78965687397,288302.28125,213901.84375,276935.54296875,36663.93201814696,330633.5625,213901.84375,scenario_optimistic
2011-05-01 03:35:00,219460.5,219460,3,6,1,0,249177.90885416663,29536.84077655797,288302.28125,213901.84375,272303.33203125,36607.51653651213,330633.5625,213901.84375,scenario_optimistic
2011-05-01 03:40:00,228439.86,228440,3,6,1,0,245080.18359375,28630.428082692797,288302.28125,213901.84375,268259.0553385417,35827.995324290074,330633.5625,213901.84375,scenario_optimistic
2011-05-01 03:45:00,241267.52,241268,3,6,1,0,241160.61979166663,25187.923658753207,285736.75,213901.84375,264535.4700520833,33640.71207256964,328923.1875,213901.84375,scenario_optimistic
2011-05-01 03:50:00,255805.53,255806,3,6,1,0,238666.3515625,21598.678494748758,276329.78125,213901.84375,261488.90104166663,30742.06747377497,320371.4375,213901.84375,scenario_optimistic
2011-05-01 03:55:00,268633.2,268633,3,6,1,0,238024.96875,20462.98853417707,268633.1875,213901.84375,259333.140625,28137.14151204482,315667.9375,213901.84375,scenario_optimistic
2011-05-01 04:00:00,277612.56,277613,4,6,1,0,238915.7786458333,22009.58631927487,277612.5625,213901.84375,257747.5,25799.609554949475,303695.46875,213901.84375,scenario_optimistic
2011-05-01 04:05:00,281460.88,281461,4,6,1,0,240911.1953125,24762.47560086804,281460.875,213901.84375,256821.05859375,24441.381424577623,288302.28125,213901.84375,scenario_optimistic
2011-05-01 04:10:00,279750.5,279750,4,6,1,0,243868.68359375,27198.4193027023,281460.875,213901.84375,256767.609375,24387.47441355377,288302.28125,213901.84375,scenario_optimistic
2011-05-01 04:15:00,274619.44,274619,4,6,1,0,247752.6145833333,28042.918363956163,281460.875,213901.84375,256910.13932291663,24485.28234514701,288302.28125,213901.84375,scenario_optimistic
2011-05-01 04:20:00,269060.78,269061,4,6,1,0,252064.1341145833,26892.777861153976,281460.875,213901.84375,256927.95572916663,24494.337240419365,288302.28125,213901.84375,scenario_optimistic
2011-05-01 04:25:00,266067.66,266068,4,6,1,0,256411.28515625,24249.464984090017,281460.875,214757.015625,256910.13932291663,24487.230208249824,288302.28125,213901.84375,scenario_optimistic
2011-05-01 04:30:00,266067.66,266068,4,6,1,0,260687.171875,20465.427427959603,281460.875,219460.5,256927.9544270833,24494.01221430349,288302.28125,213901.84375,scenario_optimistic
2011-05-01 04:35:00,268633.2,268633,4,6,1,0,264784.8958333333,15866.418249243909,281460.875,228439.859375,256981.40234375,24519.130381879797,288302.28125,213901.84375,scenario_optimistic
2011-05-01 04:40:00,271626.3,271626,4,6,1,0,268383.7669270833,11035.46488585185,281460.875,241267.515625,256731.97526041663,24329.84734216254,288302.28125,213901.84375,scenario_optimistic
2011-05-01 04:45:00,273764.25,273764,4,6,1,0,271091.828125,7040.478455563744,281460.875,255805.53125,256126.2239583333,23682.0070940924,285736.75,213901.84375,scenario_optimistic
2011-05-01 04:50:00,274191.84,274192,4,6,1,0,272624.0208333333,5161.215118509167,281460.875,266067.65625,255645.18619791663,23166.027797704963,281460.875,213901.84375,scenario_optimistic
2011-05-01 04:55:00,272481.5,272482,4,6,1,0,272944.7135416667,5007.984463290557,281460.875,266067.65625,255484.8411458333,23029.54939936476,281460.875,213901.84375,scenario_optimistic
2011-05-01 05:00:00,269060.78,269061,5,6,1,0,272232.0651041667,4890.442393382666,281460.875,266067.65625,255573.921875,23079.796495671057,281460.875,213901.84375,scenario_optimistic
2011-05-01 05:05:00,264357.3,264357,5,6,1,0,270806.7682291667,4426.612054933598,279750.5,264357.3125,255858.9817708333,23146.97622655026,281460.875,213901.84375,scenario_optimistic
2011-05-01 05:10:00,260509.0,260509,5,6,1,0,269203.3098958333,4377.053659565822,274619.4375,260509.0,256535.9967447917,23030.318829132542,281460.875,213901.84375,scenario_optimistic
2011-05-01 05:15:00,259226.23,259226,5,6,1,0,267920.54296875,4872.989487322144,274191.84375,259226.234375,257836.5787760417,22216.46107122903,281460.875,213901.84375,scenario_optimistic
2011-05-01 05:20:00,260509.0,260509,5,6,1,0,267207.89453125,5297.8786858774365,274191.84375,259226.234375,259636.01432291663,20472.86655403033,281460.875,213901.84375,scenario_optimistic
2011-05-01 05:25:00,260509.0,260509,5,6,1,0,266744.6731770833,5638.688279123159,274191.84375,259226.234375,261577.97916666663,18008.23287650881,281460.875,214757.015625,scenario_optimistic
2011-05-01 05:30:00,260936.6,260937,5,6,1,0,266317.0846354167,5883.909582925789,274191.84375,259226.234375,263502.1282552083,15004.594565635636,281460.875,219460.5,scenario_optimistic
2011-05-01 05:35:00,264784.9,264785,5,6,1,0,265996.39453125,5850.9785055072525,274191.84375,259226.234375,265390.6451822917,11711.30135608558,281460.875,228439.859375,scenario_optimistic
2011-05-01 05:40:00,272481.5,272482,5,6,1,0,266067.66015625,5930.453879037224,274191.84375,259226.234375,267225.7135416667,8744.328737216585,281460.875,241267.515625,scenario_optimistic
2011-05-01 05:45:00,279322.9,279323,5,6,1,0,266530.8815104167,6747.135963656604,279322.90625,259226.234375,268811.3548177083,7134.811751194484,281460.875,255805.53125,scenario_optimistic
2011-05-01 05:50:00,282316.03,282316,5,6,1,0,267207.8971354167,7895.583856697528,282316.03125,259226.234375,269915.958984375,7085.713184873687,282316.03125,259226.234375,scenario_optimistic
2011-05-01 05:55:00,280178.1,280178,5,6,1,0,267849.2799479167,8640.39844894126,282316.03125,259226.234375,270396.9967447917,7380.5885007513825,282316.03125,259226.234375,scenario_optimistic
2011-05-01 06:00:00,272053.9,272054,6,6,1,0,268098.70703125,8721.373533491525,282316.03125,259226.234375,270165.3860677083,7229.993409112752,282316.03125,259226.234375,scenario_optimistic
2011-05-01 06:05:00,261791.77,261792,6,6,1,0,267884.9114583333,8851.897042272758,282316.03125,259226.234375,269345.83984375,7005.228521815837,282316.03125,259226.234375,scenario_optimistic
2011-05-01 06:10:00,252812.4,252812,6,6,1,0,267243.5286458333,9675.44583978615,282316.03125,252812.40625,268223.4192708333,7411.9346051619905,282316.03125,252812.40625,scenario_optimistic
2011-05-01 06:15:00,247681.34,247681,6,6,1,0,266281.4544270833,11024.979088951588,282316.03125,247681.34375,267100.9986979167,8377.96738473619,282316.03125,247681.34375,scenario_optimistic
2011-05-01 06:20:00,245543.4,245543,6,6,1,0,265034.3216145833,12486.840826493824,282316.03125,245543.40625,266121.1080729167,9446.00755715273,282316.03125,245543.40625,scenario_optimistic
2011-05-01 06:25:00,245970.98,245971,6,6,1,0,263822.8203125,13619.680273324388,282316.03125,245543.40625,265283.7467447917,10302.84638550649,282316.03125,245543.40625,scenario_optimistic
2011-05-01 06:30:00,248536.52,248537,6,6,1,0,262789.48046875,14311.406482752349,282316.03125,245543.40625,264553.2825520833,10851.704272842764,282316.03125,245543.40625,scenario_optimistic
2011-05-01 06:35:00,253240.0,253240,6,6,1,0,261827.40494791663,14551.112710159268,282316.03125,245543.40625,263911.8997395833,11053.112843482691,282316.03125,245543.40625,scenario_optimistic
2011-05-01 06:40:00,258371.06,258371,6,6,1,0,260651.53515625,14177.216731195986,282316.03125,245543.40625,263359.59765625,10981.818555536904,282316.03125,245543.40625,scenario_optimistic
2011-05-01 06:45:00,263929.72,263930,6,6,1,0,259368.76953125,12980.085284934712,282316.03125,245543.40625,262949.8255208333,10757.9012881554,282316.03125,245543.40625,scenario_optimistic
2011-05-01 06:50:00,268633.2,268633,6,6,1,0,258228.5325520833,11269.265078614744,280178.09375,245543.40625,262718.21484375,10563.423992566097,282316.03125,245543.40625,scenario_optimistic
2011-05-01 06:55:00,271626.3,271626,6,6,1,0,257515.8841145833,9947.967114116593,272053.90625,245543.40625,262682.58203125,10530.449229341051,282316.03125,245543.40625,scenario_optimistic
2011-05-01 07:00:00,272481.5,272482,7,6,1,0,257551.5169270833,10005.375289817734,272481.5,245543.40625,262825.1119791667,10643.07922828305,282316.03125,245543.40625,scenario_optimistic
2011-05-01 07:05:00,271198.72,271199,7,6,1,0,258335.4296875,10711.400297113169,272481.5,245543.40625,263110.1705729167,10776.680875330328,282316.03125,245543.40625,scenario_optimistic
2011-05-01 07:10:00,267778.03,267778,7,6,1,0,259582.56510416663,10879.797102811744,272481.5,245543.40625,263413.046875,10802.51336190849,282316.03125,245543.40625,scenario_optimistic
2011-05-01 07:15:00,263502.12,263502,7,6,1,0,260900.96354166663,10246.665185929707,272481.5,245543.40625,263591.208984375,10765.65698594146,282316.03125,245543.40625,scenario_optimistic
2011-05-01 07:20:00,259653.83,259654,7,6,1,0,262076.83203125,9065.641440882588,272481.5,245970.984375,263555.5768229167,10777.710497338112,282316.03125,245543.40625,scenario_optimistic
2011-05-01 07:25:00,258798.64,258799,7,6,1,0,263145.8033854167,7637.70679040662,272481.5,248536.515625,263484.3118489583,10804.352836420056,282316.03125,245543.40625,scenario_optimistic
2011-05-01 07:30:00,263502.12,263502,7,6,1,0,264392.9375,6102.993076483991,272481.5,253240.0,263591.208984375,10790.7329943515,282316.03125,245543.40625,scenario_optimistic
2011-05-01 07:35:00,274619.44,274619,7,6,1,0,266174.5572916667,5655.367746214238,274619.4375,258371.0625,264000.9811197917,11022.280046882175,282316.03125,245543.40625,scenario_optimistic
2011-05-01 07:40:00,284453.97,284454,7,6,1,0,268348.1328125,7188.1481592739965,284453.96875,258798.640625,264499.833984375,11674.42042714763,284453.96875,245543.40625,scenario_optimistic
2011-05-01 07:45:00,289585.03,289585,7,6,1,0,270486.0755208333,9268.706380680898,289585.03125,258798.640625,264927.4225260417,12405.948444414234,289585.03125,245543.40625,scenario_optimistic
2011-05-01 07:50:00,293433.34,293433,7,6,1,0,272552.7552083333,11349.361390439954,293433.34375,258798.640625,265390.6438802083,13261.496835717804,293433.34375,245543.40625,scenario_optimistic
2011-05-01 07:55:00,297281.62,297282,7,6,1,0,274690.6979166667,13391.643121639492,297281.625,258798.640625,266103.291015625,14493.064431301662,297281.625,245543.40625,scenario_optimistic
2011-05-01 08:00:00,300702.34,300702,8,6,1,0,277042.4348958333,15309.101042916524,300702.34375,258798.640625,267296.9759114583,16095.654967753582,300702.34375,245543.40625,scenario_optimistic
2011-05-01 08:05:00,302412.72,302413,8,6,1,0,279643.6015625,16804.663287527972,302412.71875,258798.640625,268989.515625,17560.662537987533,302412.71875,245543.40625,scenario_optimistic
2011-05-01 08:10:00,302840.28,302840,8,6,1,0,282565.4557291667,17584.112660703617,302840.28125,258798.640625,271074.0104166667,18500.952504942445,302840.28125,245543.40625,scenario_optimistic
2011-05-01 08:15:00,302840.28,302840,8,6,1,0,285843.6354166667,17372.68395382846,302840.28125,258798.640625,273372.2994791667,18890.610191880893,302840.28125,245543.40625,scenario_optimistic
2011-05-01 00:00:00,472592.97,472593,0,6,1,0,472592.96875,,472592.96875,472592.96875,472592.96875,,472592.96875,472592.96875,scenario_pessimistic
2011-05-01 00:05:00,498675.88,498676,0,6,1,0,485634.421875,18443.399882427984,498675.875,472592.96875,485634.421875,18443.399882427984,498675.875,472592.96875,scenario_pessimistic
2011-05-01 00:10:00,515779.44,515779,0,6,1,0,495682.7604166667,21748.26020525328,515779.4375,472592.96875,495682.7604166667,21748.26020525328,515779.4375,472592.96875,scenario_pessimistic
2011-05-01 00:15:00,520482.9,520483,0,6,1,0,501882.796875,21658.401517861814,520482.90625,472592.96875,501882.796875,21658.401517861814,520482.90625,472592.96875,scenario_pessimistic
2011-05-01 00:20:00,505517.3,505517,0,6,1,0,502609.7,18827.020688291683,520482.90625,472592.96875,502609.7,18827.020688291683,520482.90625,472592.96875,scenario_pessimistic
2011-05-01 00:25:00,484137.88,484138,0,6,1,0,499531.0625,18450.837908786907,520482.90625,472592.96875,499531.0625,18450.837908786907,520482.90625,472592.96875,scenario_pessimistic
2011-05-01 00:30:00,463613.62,463614,0,6,1,0,494400.0,21633.05648614215,520482.90625,463613.625,494400.0,21633.05648614215,520482.90625,463613.625,scenario_pessimistic
2011-05-01 00:35:00,448220.44,448220,0,6,1,0,488627.5546875,25839.94082036756,520482.90625,448220.4375,488627.5546875,25839.94082036756,520482.90625,448220.4375,scenario_pessimistic
2011-05-01 00:40:00,437530.72,437531,0,6,1,0,482950.1284722223,29569.211010261934,520482.90625,437530.71875,482950.1284722223,29569.211010261934,520482.90625,437530.71875,scenario_pessimistic
2011-05-01 00:45:00,430689.28,430689,0,6,1,0,477724.04375,32408.473609538145,520482.90625,430689.28125,477724.04375,32408.473609538145,520482.90625,430689.28125,scenario_pessimistic
2011-05-01 00:50:00,425985.8,425986,0,6,1,0,473020.5681818182,34476.481145201484,520482.90625,425985.8125,473020.5681818182,34476.481145201484,520482.90625,425985.8125,scenario_pessimistic
2011-05-01 00:55:00,422992.7,422993,0,6,1,0,468851.578125,35904.54596431841,520482.90625,422992.6875,468851.578125,35904.54596431841,520482.90625,422992.6875,scenario_pessimistic
2011-05-01 01:00:00,424275.47,424275,1,6,1,0,464825.1197916667,38089.58787889496,520482.90625,422992.6875,465422.6466346154,36531.5864832517,520482.90625,422992.6875,scenario_pessimistic
2011-05-01 01:05:00,432399.66,432400,1,6,1,0,459302.1015625,37536.01427723131,520482.90625,422992.6875,463063.8616071429,36191.05870288149,520482.90625,422992.6875,scenario_pessimistic
2011-05-01 01:10:00,437530.72,437531,1,6,1,0,452781.375,33401.87961799063,520482.90625,422992.6875,461361.65208333335,35492.23669206653,520482.90625,422992.6875,scenario_pessimistic
2011-05-01 01:15:00,435392.78,435393,1,6,1,0,445690.53125,25916.029192421647,505517.3125,422992.6875,459738.59765625,34897.96314711923,520482.90625,422992.6875,scenario_pessimistic
2011-05-01 01:20:00,431544.47,431544,1,6,1,0,439526.1276041667,17971.986084257904,484137.875,422992.6875,458080.1194852941,34474.779762446895,520482.90625,422992.6875,scenario_pessimistic
2011-05-01 01:25:00,432399.66,432400,1,6,1,0,435214.609375,11242.870213069731,463613.625,422992.6875,456653.4270833333,33988.7655357145,520482.90625,422992.6875,scenario_pessimistic
2011-05-01 01:30:00,441806.6,441807,1,6,1,0,433397.3567708333,7309.674300108173,448220.4375,422992.6875,455872.0148026316,33206.29296704812,520482.90625,422992.6875,scenario_pessimistic
2011-05-01 01:35:00,455489.44,455489,1,6,1,0,434003.1067708333,8799.162325837955,455489.4375,422992.6875,455852.8859375,32320.745426985915,520482.90625,422992.6875,scenario_pessimistic
2011-05-01 01:40:00,467461.9,467462,1,6,1,0,436497.3723958333,13087.359335757928,467461.90625,422992.6875,456405.6964285714,31604.06056075771,520482.90625,422992.6875,scenario_pessimistic
2011-05-01 01:45:00,474730.9,474731,1,6,1,0,440167.5078125,16923.623023656233,474730.90625,422992.6875,457238.6605113637,31088.87563404337,520482.90625,422992.6875,scenario_pessimistic
2011-05-01 01:50:00,478579.22,478579,1,6,1,0,444550.2916666667,19526.980640261085,478579.21875,422992.6875,458166.5108695653,30698.31245976354,520482.90625,422992.6875,scenario_pessimistic
2011-05-01 01:55:00,481572.34,481572,1,6,1,0,449431.9296875,20920.3469205405,481572.34375,424275.46875,459141.75390625,30401.3065870477,520482.90625,422992.6875,scenario_pessimistic
2011-05-01 02:00:00,488413.75,488414,2,6,1,0,454776.7864583333,22070.53759941859,488413.75,431544.46875,459800.953125,30873.5096091555,520482.90625,422992.6875,scenario_pessimistic
2011-05-01 02:05:00,503806.94,503807,2,6,1,0,460727.3932291667,24929.89813769756,503806.9375,431544.46875,460014.7473958333,31170.751910106083,520482.90625,422992.6875,scenario_pessimistic
2011-05-01 02:10:00,528179.5,528180,2,6,1,0,468281.4583333333,30396.519296057195,528179.5,431544.46875,460531.4166666667,32220.36145364087,528179.5,422992.6875,scenario_pessimistic
2011-05-01 02:15:00,553834.8,553835,2,6,1,0,478151.6276041667,37212.04676656576,553834.8125,431544.46875,461921.0794270833,35473.49505913551,553834.8125,422992.6875,scenario_pessimistic
2011-05-01 02:20:00,572221.1,572221,2,6,1,0,489874.6822916667,42916.18005908475,572221.125,432399.65625,464700.4049479167,41190.20593600579,572221.125,422992.6875,scenario_pessimistic
2011-05-01 02:25:00,582483.25,582483,2,6,1,0,502381.6484375,46373.64199229407,582483.25,441806.59375,468798.12890625,47600.94611928363,582483.25,422992.6875,scenario_pessimistic
2011-05-01 02:30:00,585476.4,585476,2,6,1,0,514354.1302083333,47835.86889562327,585476.375,455489.4375,473875.7434895833,53194.766658894085,585476.375,422992.6875,scenario_pessimistic
2011-05-01 02:35:00,581200.44,581200,2,6,1,0,524830.046875,47536.98337638517,585476.375,467461.90625,479416.5768229167,57182.50294866737,585476.375,422992.6875,scenario_pessimistic
2011-05-01 02:40:00,563669.3,563669,2,6,1,0,532847.3307291666,45028.75403009834,585476.375,474730.90625,484672.3515625,58935.27441840059,585476.375,422992.6875,scenario_pessimistic
2011-05-01 02:45:00,526469.1,526469,2,6,1,0,537158.8489583334,41279.05921378817,585476.375,478579.21875,488663.1783854167,58360.941654220784,585476.375,422992.6875,scenario_pessimistic
2011-05-01 02:50:00,469599.84,469600,2,6,1,0,536410.5677083334,42500.79682330571,585476.375,469599.84375,490480.4296875,56987.29439844222,585476.375,422992.6875,scenario_pessimistic
2011-05-01 02:55:00,402040.84,402041,2,6,1,0,529782.9427083334,55914.20537412807,585476.375,402040.84375,489607.4361979167,58213.38700725571,585476.375,402040.84375,scenario_pessimistic
2011-05-01 03:00:00,343033.62,343034,3,6,1,0,517667.9322916667,77338.09940729517,585476.375,343033.625,486222.359375,64228.86053651456,585476.375,343033.625,scenario_pessimistic
2011-05-01 03:05:00,307971.34,307971,3,6,1,0,501348.2994791667,98339.65486426016,585476.375,307971.34375,481037.8463541667,73162.83538827245,585476.375,307971.34375,scenario_pessimistic
2011-05-01 03:10:00,291723.0,291723,3,6,1,0,481643.5911458333,114788.78287032632,585476.375,291723.0,474962.5247395833,82402.99255847684,585476.375,291723.0,scenario_pessimistic
2011-05-01 03:15:00,284881.56,284882,3,6,1,0,459230.8203125,125196.88034177764,585476.375,284881.5625,468691.2239583333,90840.74207620665,585476.375,284881.5625,scenario_pessimistic
2011-05-01 03:20:00,281460.88,281461,3,6,1,0,435000.7994791667,129406.7108378138,585476.375,281460.875,462437.7408854167,98363.50211631808,585476.375,281460.875,scenario_pessimistic
2011-05-01 03:25:00,277184.97,277185,3,6,1,0,409559.2760416667,127776.28701179748,585476.375,277184.96875,455970.4622395833,105283.50815129402,585476.375,277184.96875,scenario_pessimistic
2011-05-01 03:30:00,274619.44,274619,3,6,1,0,383654.53125,120152.87210837702,581200.4375,274619.4375,449004.3307291667,111602.77468987544,585476.375,274619.4375,scenario_pessimistic
2011-05-01 03:35:00,281888.44,281888,3,6,1,0,358711.8645833333,105602.23514786673,563669.3125,274619.4375,441770.9557291667,116674.77435936435,585476.375,274619.4375,scenario_pessimistic
2011-05-01 03:40:00,303267.88,303268,3,6,1,0,337011.7447916667,84253.88628059084,526469.125,274619.4375,434929.5377604167,119872.9085665402,585476.375,274619.4375,scenario_pessimistic
2011-05-01 03:45:00,335337.03,335337,3,6,1,0,321084.0703125,59658.350680795214,469599.84375,274619.4375,429121.4596354167,121229.8812877358,585476.375,274619.4375,scenario_pessimistic
2011-05-01 03:50:00,381516.6,381517,3,6,1,0,313743.7994791667,42745.44833172838,402040.84375,274619.4375,425077.18359375,121127.19508710295,585476.375,274619.4375,scenario_pessimistic
2011-05-01 03:55:00,452068.72,452069,3,6,1,0,317912.7890625,53281.20635616518,452068.71875,274619.4375,423847.8658854167,120677.779821835,585476.375,274619.4375,scenario_pessimistic
2011-05-01 04:00:00,542717.5,542718,4,6,1,0,334553.1119791667,84105.48244949947,542717.5,274619.4375,426110.5221354167,122437.25567681927,585476.375,274619.4375,scenario_pessimistic
2011-05-01 04:05:00,629090.4,629090,4,6,1,0,361313.03125,118806.00823180386,629090.375,274619.4375,431330.6653645833,128418.5355893256,629090.375,274619.4375,scenario_pessimistic
2011-05-01 04:10:00,682966.56,682967,4,6,1,0,393916.6614583333,148055.82632446077,682966.5625,274619.4375,437780.1263020833,137088.19778435596,682966.5625,274619.4375,scenario_pessimistic
2011-05-01 04:15:00,696221.8,696222,4,6,1,0,428195.015625,166930.98453165227,696221.8125,274619.4375,443712.91796875,145171.81184043927,696221.8125,274619.4375,scenario_pessimistic
2011-05-01 04:20:00,683821.75,683822,4,6,1,0,461725.0885416667,174993.0958088658,696221.8125,274619.4375,448362.9440104167,151132.04851794973,696221.8125,274619.4375,scenario_pessimistic
2011-05-01 04:25:00,662014.7,662015,4,6,1,0,493794.2317708333,173354.11148524162,696221.8125,274619.4375,451676.75390625,155022.56063092963,696221.8125,274619.4375,scenario_pessimistic
2011-05-01 04:30:00,638924.94,638925,4,6,1,0,524153.0234375,163076.55318382237,696221.8125,281888.4375,453903.77734375,157394.0473790233,696221.8125,274619.4375,scenario_pessimistic
2011-05-01 04:35:00,614552.4,614552,4,6,1,0,551875.0182291666,145474.5805356256,696221.8125,303267.875,455293.44140625,158708.58798591138,696221.8125,274619.4375,scenario_pessimistic
2011-05-01 04:40:00,588469.44,588469,4,6,1,0,575641.8151041666,122677.21936225776,696221.8125,335337.03125,456326.7799479167,159523.53721470662,696221.8125,274619.4375,scenario_pessimistic
2011-05-01 04:45:00,566234.9,566235,4,6,1,0,594883.3020833334,96975.1538843856,696221.8125,381516.59375,457983.6861979167,160487.35666782287,696221.8125,274619.4375,scenario_pessimistic
2011-05-01 04:50:00,554689.94,554690,4,6,1,0,609314.4140625,72008.24169746574,696221.8125,452068.71875,461529.1067708333,161690.51109676607,696221.8125,274619.4375,scenario_pessimistic
2011-05-01 04:55:00,553834.8,553835,4,6,1,0,617794.921875,56024.18709652822,696221.8125,542717.5,467853.85546875,162230.2875916489,696221.8125,274619.4375,scenario_pessimistic
2011-05-01 05:00:00,558965.9,558966,5,6,1,0,619148.953125,54211.741106187495,696221.8125,553834.8125,476851.0325520833,160989.852820271,696221.8125,274619.4375,scenario_pessimistic
2011-05-01 05:05:00,567090.06,567090,5,6,1,0,613982.2604166666,56099.74985611719,696221.8125,553834.8125,487647.6458333333,157829.4320090526,696221.8125,274619.4375,scenario_pessimistic
2011-05-01 05:10:00,575214.2,575214,5,6,1,0,605002.8958333334,52566.47994942857,696221.8125,553834.8125,499459.7786458333,153065.17194057134,696221.8125,274619.4375,scenario_pessimistic
2011-05-01 05:15:00,581200.44,581200,5,6,1,0,595417.78125,44250.070532016376,683821.75,553834.8125,511806.3984375,146828.05172487057,696221.8125,274619.4375,scenario_pessimistic
2011-05-01 05:20:00,586331.5,586332,5,6,1,0,587293.59375,34396.12281104036,662014.6875,553834.8125,524509.3411458334,139013.15894840995,696221.8125,274619.4375,scenario_pessimistic
2011-05-01 05:25:00,591462.56,591463,5,6,1,0,581414.25,25286.295538794937,638924.9375,553834.8125,537604.2408854166,129155.29873271016,696221.8125,274619.4375,scenario_pessimistic
2011-05-01 05:30:00,597021.25,597021,5,6,1,0,577922.2760416666,18642.904693688022,614552.375,553834.8125,551037.6497395834,116787.34226096558,696221.8125,281888.4375,scenario_pessimistic
2011-05-01 05:35:00,602579.9,602580,5,6,1,0,576924.5677083334,16726.20378401712,602579.875,553834.8125,564399.79296875,102072.79878683836,696221.8125,303267.875,scenario_pessimistic
2011-05-01 05:40:00,607710.94,607711,5,6,1,0,578528.0260416666,18735.20853218987,607710.9375,553834.8125,577084.9205729166,85835.47745356054,696221.8125,335337.03125,scenario_pessimistic
2011-05-01 05:45:00,611131.7,611132,5,6,1,0,582269.4270833334,20460.57988845964,611131.6875,553834.8125,588576.3645833334,68843.12123702737,696221.8125,381516.59375,scenario_pessimistic
2011-05-01 05:50:00,612414.44,612414,5,6,1,0,587079.8020833334,20170.648204189045,612414.4375,553834.8125,598197.1080729166,52947.36063295002,696221.8125,452068.71875,scenario_pessimistic
2011-05-01 05:55:00,611131.7,611132,5,6,1,0,591854.5416666666,18278.38201857207,612414.4375,558965.875,604824.7317708334,42853.80437253956,696221.8125,542717.5,scenario_pessimistic
2011-05-01 06:00:00,606000.6,606001,6,6,1,0,595774.1041666666,15401.249588178624,612414.4375,567090.0625,607461.5286458334,40762.04883062061,696221.8125,553834.8125,scenario_pessimistic
2011-05-01 06:05:00,597876.44,597876,6,6,1,0,598339.6354166666,12474.867569432872,612414.4375,575214.1875,606160.9479166666,40539.29768383927,696221.8125,553834.8125,scenario_pessimistic
2011-05-01 06:10:00,588041.9,588042,6,6,1,0,599408.609375,10742.399401831812,612414.4375,581200.4375,602205.7526041666,37214.27367397278,696221.8125,553834.8125,scenario_pessimistic
2011-05-01 06:15:00,577779.75,577780,6,6,1,0,599123.5520833334,11300.384293195266,612414.4375,577779.75,597270.6666666666,31640.53407776337,683821.75,553834.8125,scenario_pessimistic
2011-05-01 06:20:00,568372.8,568373,6,6,1,0,597626.9947916666,14012.269690282204,612414.4375,568372.8125,592460.2942708334,26221.86416936827,662014.6875,553834.8125,scenario_pessimistic
2011-05-01 06:25:00,560248.6,560249,6,6,1,0,595025.8333333334,17678.262286624056,612414.4375,560248.625,588220.0416666666,22440.98143642653,638924.9375,553834.8125,scenario_pessimistic
2011-05-01 06:30:00,552979.6,552980,6,6,1,0,591355.6979166666,21405.16877264126,612414.4375,552979.625,584638.9869791666,20794.932013505422,614552.375,552979.625,scenario_pessimistic
2011-05-01 06:35:00,545283.0,545283,6,6,1,0,586580.9583333334,24795.761069359505,612414.4375,545283.0,581752.7630208334,21264.40947746378,612414.4375,545283.0,scenario_pessimistic
2011-05-01 06:40:00,538014.0,538014,6,6,1,0,580772.8802083334,27420.290432105405,612414.4375,538014.0,579650.453125,22995.19822159423,612414.4375,538014.0,scenario_pessimistic
2011-05-01 06:45:00,529889.8,529890,6,6,1,0,574002.7239583334,29213.9518546695,612414.4375,529889.8125,578136.0755208334,25024.35658649893,612414.4375,529889.8125,scenario_pessimistic
2011-05-01 06:50:00,522193.25,522193,6,6,1,0,566484.2916666666,30027.933628200943,611131.6875,522193.25,576782.046875,27138.053350826114,612414.4375,522193.25,scenario_pessimistic
2011-05-01 06:55:00,516207.03,516207,6,6,1,0,558573.9036458334,29698.43410993135,606000.625,516207.03125,575214.22265625,29505.09448879219,612414.4375,516207.03125,scenario_pessimistic
2011-05-01 07:00:00,516634.6,516635,7,6,1,0,551126.734375,27873.1782588614,597876.4375,516207.03125,573450.4192708334,31702.12164226797,612414.4375,516207.03125,scenario_pessimistic
2011-05-01 07:05:00,526469.1,526469,7,6,1,0,545176.125,24390.014095492,588041.875,516207.03125,571757.8802083334,33109.56727089933,612414.4375,516207.03125,scenario_pessimistic
2011-05-01 07:10:00,543572.7,543573,7,6,1,0,541470.359375,20324.429469138857,577779.75,516207.03125,570439.484375,33592.40483390477,612414.4375,516207.03125,scenario_pessimistic
2011-05-01 07:15:00,567090.06,567090,7,6,1,0,540579.5520833334,18762.58766508417,568372.8125,516207.03125,569851.5520833334,33519.278559024526,612414.4375,516207.03125,scenario_pessimistic
2011-05-01 07:20:00,591035.0,591035,7,6,1,0,542468.0677083334,22568.82536010086,591035.0,516207.03125,570047.53125,33633.37809120301,612414.4375,516207.03125,scenario_pessimistic
2011-05-01 07:25:00,612414.44,612414,7,6,1,0,546815.21875,30079.35628959993,612414.4375,516207.03125,570920.5260416666,34474.78921712586,612414.4375,516207.03125,scenario_pessimistic
2011-05-01 07:30:00,632511.1,632511,7,6,1,0,553442.84375,39000.149077418966,632511.125,516207.03125,572399.2708333334,36352.99684260535,632511.125,516207.03125,scenario_pessimistic
2011-05-01 07:35:00,653462.94,653463,7,6,1,0,562457.8385416666,48329.665686708446,653462.9375,516207.03125,574519.3984375,39534.24455443858,653462.9375,516207.03125,scenario_pessimistic
2011-05-01 07:40:00,676125.1,676125,7,6,1,0,573967.0989583334,57545.64694331011,676125.125,516207.03125,577369.9895833334,44220.310037206254,676125.125,516207.03125,scenario_pessimistic
2011-05-01 07:45:00,701352.9,701353,7,6,1,0,588255.6875,66237.09473578866,701352.875,516207.03125,581129.2057291666,50591.18609452624,701352.875,516207.03125,scenario_pessimistic
2011-05-01 07:50:00,725725.44,725725,7,6,1,0,605216.703125,73449.08800328638,725725.4375,516207.03125,585850.4973958334,58332.66546124118,725725.4375,516207.03125,scenario_pessimistic
2011-05-01 07:55:00,744111.75,744112,7,6,1,0,624208.7630208334,77684.20109867313,744111.75,516634.59375,591391.3333333334,66572.2104084001,744111.75,516207.03125,scenario_pessimistic
2011-05-01 08:00:00,750525.56,750526,8,6,1,0,643699.6770833334,77581.7277387232,750525.5625,526469.125,597413.2057291666,74065.98771337022,750525.5625,516207.03125,scenario_pessimistic
2011-05-01 08:05:00,738553.06,738553,8,6,1,0,661373.3385416666,72434.31628930729,750525.5625,543572.6875,603274.7317708334,79473.37186311558,750525.5625,516207.03125,scenario_pessimistic
2011-05-01 08:10:00,711615.0,711615,8,6,1,0,675376.8645833334,63251.35873520907,750525.5625,567090.0625,608423.6119791666,82392.93389624498,750525.5625,516207.03125,scenario_pessimistic
2011-05-01 08:15:00,683394.1,683394,8,6,1,0,685068.8697916666,53273.824017569474,750525.5625,591035.0,612824.2109375,83498.10277087313,750525.5625,516207.03125,scenario_pessimistic
2011-05-01 00:00:00,35383.59,35384,0,6,1,0,35383.58984375,,35383.58984375,35383.58984375,35383.58984375,,35383.58984375,35383.58984375,scenarios_random
2011-05-01 00:05:00,35169.797,35170,0,6,1,0,35276.693359375,151.17445797312865,35383.58984375,35169.796875,35276.693359375,151.17445797312865,35383.58984375,35169.796875,scenarios_random
2011-05-01 00:10:00,35127.04,35127,0,6,1,0,35226.80859375,137.44936484436064,35383.58984375,35127.0390625,35226.80859375,137.44936484436064,35383.58984375,35127.0390625,scenarios_random
2011-05-01 00:15:00,34998.76,34999,0,6,1,0,35169.796875,159.98821695173424,35383.58984375,34998.76171875,35169.796875,159.98821695173424,35383.58984375,34998.76171875,scenarios_random
2011-05-01 00:20:00,34827.727,34828,0,6,1,0,35101.3828125,206.3966858050679,35383.58984375,34827.7265625,35101.3828125,206.3966858050679,35383.58984375,34827.7265625,scenarios_random
2011-05-01 00:25:00,34699.45,34699,0,6,1,0,35034.393880208336,246.9914488935152,35383.58984375,34699.44921875,35034.393880208336,246.9914488935152,35383.58984375,34699.44921875,scenarios_random
2011-05-01 00:30:00,34613.93,34614,0,6,1,0,34974.32756696428,275.8496820659573,35383.58984375,34613.9296875,34974.32756696428,275.8496820659573,35383.58984375,34613.9296875,scenarios_random
2011-05-01 00:35:00,34613.93,34614,0,6,1,0,34929.27783203125,285.40925131602046,35383.58984375,34613.9296875,34929.27783203125,285.40925131602046,35383.58984375,34613.9296875,scenarios_random
2011-05-01 00:40:00,34613.93,34614,0,6,1,0,34894.239149305555,286.9242395285588,35383.58984375,34613.9296875,34894.239149305555,286.9242395285588,35383.58984375,34613.9296875,scenarios_random
2011-05-01 00:45:00,34571.17,34571,0,6,1,0,34861.932421875,289.16342384095844,35383.58984375,34571.171875,34861.932421875,289.16342384095844,35383.58984375,34571.171875,scenarios_random
2011-05-01 00:50:00,34571.17,34571,0,6,1,0,34835.49964488636,287.99226692972826,35383.58984375,34571.171875,34835.49964488636,287.99226692972826,35383.58984375,34571.171875,scenarios_random
2011-05-01 00:55:00,34571.17,34571,0,6,1,0,34813.472330729164,284.9947682484041,35383.58984375,34571.171875,34813.472330729164,284.9947682484041,35383.58984375,34571.171875,scenarios_random
2011-05-01 01:00:00,34528.414,34528,1,6,1,0,34742.207682291664,231.34441727517225,35169.796875,34528.4140625,34791.54477163462,284.0847557629004,35383.58984375,34528.4140625,scenarios_random
2011-05-01 01:05:00,34528.414,34528,1,6,1,0,34688.759114583336,194.77652343835916,35127.0390625,34528.4140625,34772.749720982145,281.854026126138,35383.58984375,34528.4140625,scenarios_random
2011-05-01 01:10:00,34528.414,34528,1,6,1,0,34638.873697916664,141.76658163069024,34998.76171875,34528.4140625,34756.460677083334,278.83199195220936,35383.58984375,34528.4140625,scenarios_random
2011-05-01 01:15:00,34528.414,34528,1,6,1,0,34599.67805989584,88.0711320872835,34827.7265625,34528.4140625,34742.207763671875,275.3442507209234,35383.58984375,34528.4140625,scenarios_random
2011-05-01 01:20:00,34528.414,34528,1,6,1,0,34574.7353515625,53.02532908929154,34699.44921875,34528.4140625,34729.631663602944,271.59665656961823,35383.58984375,34528.4140625,scenarios_random
2011-05-01 01:25:00,34528.414,34528,1,6,1,0,34560.482421875,37.02935183525841,34613.9296875,34528.4140625,34718.45290798611,267.7218774555821,35383.58984375,34528.4140625,scenarios_random
2011-05-01 01:30:00,34528.414,34528,1,6,1,0,34553.356119791664,33.9052974733943,34613.9296875,34528.4140625,34708.45086348684,263.8064366334572,35383.58984375,34528.4140625,scenarios_random
2011-05-01 01:35:00,34528.414,34528,1,6,1,0,34546.229817708336,28.58607433505652,34613.9296875,34528.4140625,34699.4490234375,259.9070314950143,35383.58984375,34528.4140625,scenarios_random
2011-05-01 01:40:00,34528.414,34528,1,6,1,0,34539.103515625,19.33794830713368,34571.171875,34528.4140625,34691.30450148809,256.0606954669026,35383.58984375,34528.4140625,scenarios_random
2011-05-01 01:45:00,34528.414,34528,1,6,1,0,34535.540364583336,16.643455942970956,34571.171875,34528.4140625,34683.900390625,252.29129342552437,35383.58984375,34528.4140625,scenarios_random
2011-05-01 01:50:00,34528.414,34528,1,6,1,0,34531.977213541664,12.343117278442127,34571.171875,34528.4140625,34677.14011548913,248.61376574377445,35383.58984375,34528.4140625,scenarios_random
2011-05-01 01:55:00,34528.414,34528,1,6,1,0,34528.4140625,0.0,34528.4140625,34528.4140625,34670.943196614586,245.0369532853492,35383.58984375,34528.4140625,scenarios_random
2011-05-01 02:00:00,34528.414,34528,2,6,1,0,34528.4140625,0.0,34528.4140625,34528.4140625,34635.31087239584,193.7017995730187,35169.796875,34528.4140625,scenarios_random
2011-05-01 02:05:00,34528.414,34528,2,6,1,0,34528.4140625,0.0,34528.4140625,34528.4140625,34608.586588541664,157.64297158531036,35127.0390625,34528.4140625,scenarios_random
2011-05-01 02:10:00,34528.414,34528,2,6,1,0,34528.4140625,0.0,34528.4140625,34528.4140625,34583.643880208336,113.11467568607588,34998.76171875,34528.4140625,scenarios_random
2011-05-01 02:15:00,34528.414,34528,2,6,1,0,34528.4140625,0.0,34528.4140625,34528.4140625,34564.046061197914,70.95409150424821,34827.7265625,34528.4140625,scenarios_random
2011-05-01 02:20:00,34528.414,34528,2,6,1,0,34528.4140625,0.0,34528.4140625,34528.4140625,34551.57470703125,43.64008513208393,34699.44921875,34528.4140625,scenarios_random
2011-05-01 02:25:00,34528.414,34528,2,6,1,0,34528.4140625,0.0,34528.4140625,34528.4140625,34544.4482421875,30.398212124697093,34613.9296875,34528.4140625,scenarios_random
2011-05-01 02:30:00,34528.414,34528,2,6,1,0,34528.4140625,0.0,34528.4140625,34528.4140625,34540.88509114584,26.68487480393031,34613.9296875,34528.4140625,scenarios_random
2011-05-01 02:35:00,34528.414,34528,2,6,1,0,34528.4140625,0.0,34528.4140625,34528.4140625,34537.321940104164,21.762759282550736,34613.9296875,34528.4140625,scenarios_random
2011-05-01 02:40:00,34528.414,34528,2,6,1,0,34528.4140625,0.0,34528.4140625,34528.4140625,34533.7587890625,14.44495570240679,34571.171875,34528.4140625,scenarios_random
2011-05-01 02:45:00,34528.414,34528,2,6,1,0,34528.4140625,0.0,34528.4140625,34528.4140625,34531.977213541664,12.071806844352167,34571.171875,34528.4140625,scenarios_random
2011-05-01 02:50:00,34528.414,34528,2,6,1,0,34528.4140625,0.0,34528.4140625,34528.4140625,34530.19563802084,8.72790192838839,34571.171875,34528.4140625,scenarios_random
2011-05-01 02:55:00,34528.414,34528,2,6,1,0,34528.4140625,0.0,34528.4140625,34528.4140625,34528.4140625,0.0,34528.4140625,34528.4140625,scenarios_random
2011-05-01 03:00:00,34528.414,34528,3,6,1,0,34528.4140625,0.0,34528.4140625,34528.4140625,34528.4140625,0.0,34528.4140625,34528.4140625,scenarios_random
2011-05-01 03:05:00,34528.414,34528,3,6,1,0,34528.4140625,0.0,34528.4140625,34528.4140625,34528.4140625,0.0,34528.4140625,34528.4140625,scenarios_random
2011-05-01 03:10:00,34528.414,34528,3,6,1,0,34528.4140625,0.0,34528.4140625,34528.4140625,34528.4140625,0.0,34528.4140625,34528.4140625,scenarios_random
2011-05-01 03:15:00,34528.414,34528,3,6,1,0,34528.4140625,0.0,34528.4140625,34528.4140625,34528.4140625,0.0,34528.4140625,34528.4140625,scenarios_random
2011-05-01 03:20:00,34528.414,34528,3,6,1,0,34528.4140625,0.0,34528.4140625,34528.4140625,34528.4140625,0.0,34528.4140625,34528.4140625,scenarios_random
2011-05-01 03:25:00,34528.414,34528,3,6,1,0,34528.4140625,0.0,34528.4140625,34528.4140625,34528.4140625,0.0,34528.4140625,34528.4140625,scenarios_random
2011-05-01 03:30:00,34528.414,34528,3,6,1,0,34528.4140625,0.0,34528.4140625,34528.4140625,34528.4140625,0.0,34528.4140625,34528.4140625,scenarios_random
2011-05-01 03:35:00,34528.414,34528,3,6,1,0,34528.4140625,0.0,34528.4140625,34528.4140625,34528.4140625,0.0,34528.4140625,34528.4140625,scenarios_random
2011-05-01 03:40:00,34528.414,34528,3,6,1,0,34528.4140625,0.0,34528.4140625,34528.4140625,34528.4140625,0.0,34528.4140625,34528.4140625,scenarios_random
2011-05-01 03:45:00,34528.414,34528,3,6,1,0,34528.4140625,0.0,34528.4140625,34528.4140625,34528.4140625,0.0,34528.4140625,34528.4140625,scenarios_random
2011-05-01 03:50:00,34528.414,34528,3,6,1,0,34528.4140625,0.0,34528.4140625,34528.4140625,34528.4140625,0.0,34528.4140625,34528.4140625,scenarios_random
2011-05-01 03:55:00,34528.414,34528,3,6,1,0,34528.4140625,0.0,34528.4140625,34528.4140625,34528.4140625,0.0,34528.4140625,34528.4140625,scenarios_random
2011-05-01 04:00:00,34528.414,34528,4,6,1,0,34528.4140625,0.0,34528.4140625,34528.4140625,34528.4140625,0.0,34528.4140625,34528.4140625,scenarios_random
2011-05-01 04:05:00,34528.414,34528,4,6,1,0,34528.4140625,0.0,34528.4140625,34528.4140625,34528.4140625,0.0,34528.4140625,34528.4140625,scenarios_random
2011-05-01 04:10:00,34528.414,34528,4,6,1,0,34528.4140625,0.0,34528.4140625,34528.4140625,34528.4140625,0.0,34528.4140625,34528.4140625,scenarios_random
2011-05-01 04:15:00,34528.414,34528,4,6,1,0,34528.4140625,0.0,34528.4140625,34528.4140625,34528.4140625,0.0,34528.4140625,34528.4140625,scenarios_random
2011-05-01 04:20:00,34528.414,34528,4,6,1,0,34528.4140625,0.0,34528.4140625,34528.4140625,34528.4140625,0.0,34528.4140625,34528.4140625,scenarios_random
2011-05-01 04:25:00,34528.414,34528,4,6,1,0,34528.4140625,0.0,34528.4140625,34528.4140625,34528.4140625,0.0,34528.4140625,34528.4140625,scenarios_random
2011-05-01 04:30:00,34528.414,34528,4,6,1,0,34528.4140625,0.0,34528.4140625,34528.4140625,34528.4140625,0.0,34528.4140625,34528.4140625,scenarios_random
2011-05-01 04:35:00,34528.414,34528,4,6,1,0,34528.4140625,0.0,34528.4140625,34528.4140625,34528.4140625,0.0,34528.4140625,34528.4140625,scenarios_random
2011-05-01 04:40:00,34528.414,34528,4,6,1,0,34528.4140625,0.0,34528.4140625,34528.4140625,34528.4140625,0.0,34528.4140625,34528.4140625,scenarios_random
2011-05-01 04:45:00,34528.414,34528,4,6,1,0,34528.4140625,0.0,34528.4140625,34528.4140625,34528.4140625,0.0,34528.4140625,34528.4140625,scenarios_random
2011-05-01 04:50:00,34528.414,34528,4,6,1,0,34528.4140625,0.0,34528.4140625,34528.4140625,34528.4140625,0.0,34528.4140625,34528.4140625,scenarios_random
2011-05-01 04:55:00,34528.414,34528,4,6,1,0,34528.4140625,0.0,34528.4140625,34528.4140625,34528.4140625,0.0,34528.4140625,34528.4140625,scenarios_random
2011-05-01 05:00:00,34528.414,34528,5,6,1,0,34528.4140625,0.0,34528.4140625,34528.4140625,34528.4140625,0.0,34528.4140625,34528.4140625,scenarios_random
2011-05-01 05:05:00,34528.414,34528,5,6,1,0,34528.4140625,0.0,34528.4140625,34528.4140625,34528.4140625,0.0,34528.4140625,34528.4140625,scenarios_random
2011-05-01 05:10:00,34528.414,34528,5,6,1,0,34528.4140625,0.0,34528.4140625,34528.4140625,34528.4140625,0.0,34528.4140625,34528.4140625,scenarios_random
2011-05-01 05:15:00,34528.414,34528,5,6,1,0,34528.4140625,0.0,34528.4140625,34528.4140625,34528.4140625,0.0,34528.4140625,34528.4140625,scenarios_random
2011-05-01 05:20:00,34528.414,34528,5,6,1,0,34528.4140625,0.0,34528.4140625,34528.4140625,34528.4140625,0.0,34528.4140625,34528.4140625,scenarios_random
2011-05-01 05:25:00,34528.414,34528,5,6,1,0,34528.4140625,0.0,34528.4140625,34528.4140625,34528.4140625,0.0,34528.4140625,34528.4140625,scenarios_random
2011-05-01 05:30:00,34528.414,34528,5,6,1,0,34528.4140625,0.0,34528.4140625,34528.4140625,34528.4140625,0.0,34528.4140625,34528.4140625,scenarios_random
2011-05-01 05:35:00,34528.414,34528,5,6,1,0,34528.4140625,0.0,34528.4140625,34528.4140625,34528.4140625,0.0,34528.4140625,34528.4140625,scenarios_random
2011-05-01 05:40:00,34528.414,34528,5,6,1,0,34528.4140625,0.0,34528.4140625,34528.4140625,34528.4140625,0.0,34528.4140625,34528.4140625,scenarios_random
2011-05-01 05:45:00,34528.414,34528,5,6,1,0,34528.4140625,0.0,34528.4140625,34528.4140625,34528.4140625,0.0,34528.4140625,34528.4140625,scenarios_random
2011-05-01 05:50:00,34528.414,34528,5,6,1,0,34528.4140625,0.0,34528.4140625,34528.4140625,34528.4140625,0.0,34528.4140625,34528.4140625,scenarios_random
2011-05-01 05:55:00,34528.414,34528,5,6,1,0,34528.4140625,0.0,34528.4140625,34528.4140625,34528.4140625,0.0,34528.4140625,34528.4140625,scenarios_random
2011-05-01 06:00:00,34528.414,34528,6,6,1,0,34528.4140625,0.0,34528.4140625,34528.4140625,34528.4140625,0.0,34528.4140625,34528.4140625,scenarios_random
2011-05-01 06:05:00,34528.414,34528,6,6,1,0,34528.4140625,0.0,34528.4140625,34528.4140625,34528.4140625,0.0,34528.4140625,34528.4140625,scenarios_random
2011-05-01 06:10:00,34528.414,34528,6,6,1,0,34528.4140625,0.0,34528.4140625,34528.4140625,34528.4140625,0.0,34528.4140625,34528.4140625,scenarios_random
2011-05-01 06:15:00,34528.414,34528,6,6,1,0,34528.4140625,0.0,34528.4140625,34528.4140625,34528.4140625,0.0,34528.4140625,34528.4140625,scenarios_random
2011-05-01 06:20:00,34528.414,34528,6,6,1,0,34528.4140625,0.0,34528.4140625,34528.4140625,34528.4140625,0.0,34528.4140625,34528.4140625,scenarios_random
2011-05-01 06:25:00,34528.414,34528,6,6,1,0,34528.4140625,0.0,34528.4140625,34528.4140625,34528.4140625,0.0,34528.4140625,34528.4140625,scenarios_random
2011-05-01 06:30:00,34528.414,34528,6,6,1,0,34528.4140625,0.0,34528.4140625,34528.4140625,34528.4140625,0.0,34528.4140625,34528.4140625,scenarios_random
2011-05-01 06:35:00,34528.414,34528,6,6,1,0,34528.4140625,0.0,34528.4140625,34528.4140625,34528.4140625,0.0,34528.4140625,34528.4140625,scenarios_random
2011-05-01 06:40:00,34528.414,34528,6,6,1,0,34528.4140625,0.0,34528.4140625,34528.4140625,34528.4140625,0.0,34528.4140625,34528.4140625,scenarios_random
2011-05-01 06:45:00,34528.414,34528,6,6,1,0,34528.4140625,0.0,34528.4140625,34528.4140625,34528.4140625,0.0,34528.4140625,34528.4140625,scenarios_random
2011-05-01 06:50:00,34528.414,34528,6,6,1,0,34528.4140625,0.0,34528.4140625,34528.4140625,34528.4140625,0.0,34528.4140625,34528.4140625,scenarios_random
2011-05-01 06:55:00,34528.414,34528,6,6,1,0,34528.4140625,0.0,34528.4140625,34528.4140625,34528.4140625,0.0,34528.4140625,34528.4140625,scenarios_random
2011-05-01 07:00:00,34528.414,34528,7,6,1,0,34528.4140625,0.0,34528.4140625,34528.4140625,34528.4140625,0.0,34528.4140625,34528.4140625,scenarios_random
2011-05-01 07:05:00,34528.414,34528,7,6,1,0,34528.4140625,0.0,34528.4140625,34528.4140625,34528.4140625,0.0,34528.4140625,34528.4140625,scenarios_random
2011-05-01 07:10:00,34528.414,34528,7,6,1,0,34528.4140625,0.0,34528.4140625,34528.4140625,34528.4140625,0.0,34528.4140625,34528.4140625,scenarios_random
2011-05-01 07:15:00,34528.414,34528,7,6,1,0,34528.4140625,0.0,34528.4140625,34528.4140625,34528.4140625,0.0,34528.4140625,34528.4140625,scenarios_random
2011-05-01 07:20:00,34528.414,34528,7,6,1,0,34528.4140625,0.0,34528.4140625,34528.4140625,34528.4140625,0.0,34528.4140625,34528.4140625,scenarios_random
2011-05-01 07:25:00,34528.414,34528,7,6,1,0,34528.4140625,0.0,34528.4140625,34528.4140625,34528.4140625,0.0,34528.4140625,34528.4140625,scenarios_random
2011-05-01 07:30:00,34528.414,34528,7,6,1,0,34528.4140625,0.0,34528.4140625,34528.4140625,34528.4140625,0.0,34528.4140625,34528.4140625,scenarios_random
2011-05-01 07:35:00,34528.414,34528,7,6,1,0,34528.4140625,0.0,34528.4140625,34528.4140625,34528.4140625,0.0,34528.4140625,34528.4140625,scenarios_random
2011-05-01 07:40:00,34528.414,34528,7,6,1,0,34528.4140625,0.0,34528.4140625,34528.4140625,34528.4140625,0.0,34528.4140625,34528.4140625,scenarios_random
2011-05-01 07:45:00,34528.414,34528,7,6,1,0,34528.4140625,0.0,34528.4140625,34528.4140625,34528.4140625,0.0,34528.4140625,34528.4140625,scenarios_random
2011-05-01 07:50:00,34528.414,34528,7,6,1,0,34528.4140625,0.0,34528.4140625,34528.4140625,34528.4140625,0.0,34528.4140625,34528.4140625,scenarios_random
2011-05-01 07:55:00,34528.414,34528,7,6,1,0,34528.4140625,0.0,34528.4140625,34528.4140625,34528.4140625,0.0,34528.4140625,34528.4140625,scenarios_random
2011-05-01 08:00:00,34528.414,34528,8,6,1,0,34528.4140625,0.0,34528.4140625,34528.4140625,34528.4140625,0.0,34528.4140625,34528.4140625,scenarios_random
2011-05-01 08:05:00,34528.414,34528,8,6,1,0,34528.4140625,0.0,34528.4140625,34528.4140625,34528.4140625,0.0,34528.4140625,34528.4140625,scenarios_random
2011-05-01 08:10:00,34528.414,34528,8,6,1,0,34528.4140625,0.0,34528.4140625,34528.4140625,34528.4140625,0.0,34528.4140625,34528.4140625,scenarios_random
2011-05-01 08:15:00,34528.414,34528,8,6,1,0,34528.4140625,0.0,34528.4140625,34528.4140625,34528.4140625,0.0,34528.4140625,34528.4140625,scenarios_random
2011-05-01 08:20:00,34528.414,34528,8,6,1,0,34528.4140625,0.0,34528.4140625,34528.4140625,34528.4140625,0.0,34528.4140625,34528.4140625,scenarios_random
2011-05-01 08:25:00,34528.414,34528,8,6,1,0,34528.4140625,0.0,34528.4140625,34528.4140625,34528.4140625,0.0,34528.4140625,34528.4140625,scenarios_random
2011-05-01 08:30:00,34528.414,34528,8,6,1,0,34528.4140625,0.0,34528.4140625,34528.4140625,34528.4140625,0.0,34528.4140625,34528.4140625,scenarios_random
2011-05-01 08:35:00,34528.414,34528,8,6,1,0,34528.4140625,0.0,34528.4140625,34528.4140625,34528.4140625,0.0,34528.4140625,34528.4140625,scenarios_random
2011-05-01 08:40:00,34528.414,34528,8,6,1,0,34528.4140625,0.0,34528.4140625,34528.4140625,34528.4140625,0.0,34528.4140625,34528.4140625,scenarios_random
2011-05-01 08:45:00,34528.414,34528,8,6,1,0,34528.4140625,0.0,34528.4140625,34528.4140625,34528.4140625,0.0,34528.4140625,34528.4140625,scenarios_random
2011-05-01 08:50:00,34528.414,34528,8,6,1,0,34528.4140625,0.0,34528.4140625,34528.4140625,34528.4140625,0.0,34528.4140625,34528.4140625,scenarios_random
2011-05-01 08:55:00,34528.414,34528,8,6,1,0,34528.4140625,0.0,34528.4140625,34528.4140625,34528.4140625,0.0,34528.4140625,34528.4140625,scenarios_random
2011-05-01 09:00:00,34528.414,34528,9,6,1,1,34528.4140625,0.0,34528.4140625,34528.4140625,34528.4140625,0.0,34528.4140625,34528.4140625,scenarios_random
2011-05-01 09:05:00,34528.414,34528,9,6,1,1,34528.4140625,0.0,34528.4140625,34528.4140625,34528.4140625,0.0,34528.4140625,34528.4140625,scenarios_random
2011-05-01 09:10:00,34528.414,34528,9,6,1,1,34528.4140625,0.0,34528.4140625,34528.4140625,34528.4140625,0.0,34528.4140625,34528.4140625,scenarios_random
2011-05-01 09:15:00,34528.414,34528,9,6,1,1,34528.4140625,0.0,34528.4140625,34528.4140625,34528.4140625,0.0,34528.4140625,34528.4140625,scenarios_random
2011-05-01 09:20:00,34528.414,34528,9,6,1,1,34528.4140625,0.0,34528.4140625,34528.4140625,34528.4140625,0.0,34528.4140625,34528.4140625,scenarios_random
2011-05-01 09:25:00,34528.414,34528,9,6,1,1,34528.4140625,0.0,34528.4140625,34528.4140625,34528.4140625,0.0,34528.4140625,34528.4140625,scenarios_random
2011-05-01 09:30:00,34528.414,34528,9,6,1,1,34528.4140625,0.0,34528.4140625,34528.4140625,34528.4140625,0.0,34528.4140625,34528.4140625,scenarios_random
2011-05-01 09:35:00,34528.414,34528,9,6,1,1,34528.4140625,0.0,34528.4140625,34528.4140625,34528.4140625,0.0,34528.4140625,34528.4140625,scenarios_random
2011-05-01 09:40:00,34528.414,34528,9,6,1,1,34528.4140625,0.0,34528.4140625,34528.4140625,34528.4140625,0.0,34528.4140625,34528.4140625,scenarios_random
2011-05-01 09:45:00,34528.414,34528,9,6,1,1,34528.4140625,0.0,34528.4140625,34528.4140625,34528.4140625,0.0,34528.4140625,34528.4140625,scenarios_random
2011-05-01 09:50:00,34528.414,34528,9,6,1,1,34528.4140625,0.0,34528.4140625,34528.4140625,34528.4140625,0.0,34528.4140625,34528.4140625,scenarios_random
2011-05-01 09:55:00,34528.414,34528,9,6,1,1,34528.4140625,0.0,34528.4140625,34528.4140625,34528.4140625,0.0,34528.4140625,34528.4140625,scenarios_random
2011-05-01 10:00:00,34528.414,34528,10,6,1,1,34528.4140625,0.0,34528.4140625,34528.4140625,34528.4140625,0.0,34528.4140625,34528.4140625,scenarios_random
2011-05-01 10:05:00,34528.414,34528,10,6,1,1,34528.4140625,0.0,34528.4140625,34528.4140625,34528.4140625,0.0,34528.4140625,34528.4140625,scenarios_random
2011-05-01 10:10:00,34528.414,34528,10,6,1,1,34528.4140625,0.0,34528.4140625,34528.4140625,34528.4140625,0.0,34528.4140625,34528.4140625,scenarios_random
2011-05-01 10:15:00,34528.414,34528,10,6,1,1,34528.4140625,0.0,34528.4140625,34528.4140625,34528.4140625,0.0,34528.4140625,34528.4140625,scenarios_random
2011-05-01 10:20:00,34528.414,34528,10,6,1,1,34528.4140625,0.0,34528.4140625,34528.4140625,34528.4140625,0.0,34528.4140625,34528.4140625,scenarios_random
2011-05-01 10:25:00,34528.414,34528,10,6,1,1,34528.4140625,0.0,34528.4140625,34528.4140625,34528.4140625,0.0,34528.4140625,34528.4140625,scenarios_random
2011-05-01 10:30:00,34528.414,34528,10,6,1,1,34528.4140625,0.0,34528.4140625,34528.4140625,34528.4140625,0.0,34528.4140625,34528.4140625,scenarios_random
2011-05-01 10:35:00,34528.414,34528,10,6,1,1,34528.4140625,0.0,34528.4140625,34528.4140625,34528.4140625,0.0,34528.4140625,34528.4140625,scenarios_random
2011-05-01 10:40:00,34528.414,34528,10,6,1,1,34528.4140625,0.0,34528.4140625,34528.4140625,34528.4140625,0.0,34528.4140625,34528.4140625,scenarios_random
2011-05-01 10:45:00,34528.414,34528,10,6,1,1,34528.4140625,0.0,34528.4140625,34528.4140625,34528.4140625,0.0,34528.4140625,34528.4140625,scenarios_random
2011-05-01 10:50:00,34528.414,34528,10,6,1,1,34528.4140625,0.0,34528.4140625,34528.4140625,34528.4140625,0.0,34528.4140625,34528.4140625,scenarios_random
2011-05-01 10:55:00,34528.414,34528,10,6,1,1,34528.4140625,0.0,34528.4140625,34528.4140625,34528.4140625,0.0,34528.4140625,34528.4140625,scenarios_random
2011-05-01 11:00:00,34528.414,34528,11,6,1,1,34528.4140625,0.0,34528.4140625,34528.4140625,34528.4140625,0.0,34528.4140625,34528.4140625,scenarios_random
2011-05-01 11:05:00,34528.414,34528,11,6,1,1,34528.4140625,0.0,34528.4140625,34528.4140625,34528.4140625,0.0,34528.4140625,34528.4140625,scenarios_random
2011-05-01 11:10:00,34528.414,34528,11,6,1,1,34528.4140625,0.0,34528.4140625,34528.4140625,34528.4140625,0.0,34528.4140625,34528.4140625,scenarios_random
2011-05-01 11:15:00,34528.414,34528,11,6,1,1,34528.4140625,0.0,34528.4140625,34528.4140625,34528.4140625,0.0,34528.4140625,34528.4140625,scenarios_random
2011-05-01 11:20:00,34528.414,34528,11,6,1,1,34528.4140625,0.0,34528.4140625,34528.4140625,34528.4140625,0.0,34528.4140625,34528.4140625,scenarios_random
2011-05-01 11:25:00,34528.414,34528,11,6,1,1,34528.4140625,0.0,34528.4140625,34528.4140625,34528.4140625,0.0,34528.4140625,34528.4140625,scenarios_random
2011-05-01 11:30:00,34528.414,34528,11,6,1,1,34528.4140625,0.0,34528.4140625,34528.4140625,34528.4140625,0.0,34528.4140625,34528.4140625,scenarios_random
2011-05-01 11:35:00,34528.414,34528,11,6,1,1,34528.4140625,0.0,34528.4140625,34528.4140625,34528.4140625,0.0,34528.4140625,34528.4140625,scenarios_random
2011-05-01 11:40:00,34528.414,34528,11,6,1,1,34528.4140625,0.0,34528.4140625,34528.4140625,34528.4140625,0.0,34528.4140625,34528.4140625,scenarios_random
2011-05-01 11:45:00,34528.414,34528,11,6,1,1,34528.4140625,0.0,34528.4140625,34528.4140625,34528.4140625,0.0,34528.4140625,34528.4140625,scenarios_random
2011-05-01 11:50:00,34528.414,34528,11,6,1,1,34528.4140625,0.0,34528.4140625,34528.4140625,34528.4140625,0.0,34528.4140625,34528.4140625,scenarios_random
2011-05-01 11:55:00,34528.414,34528,11,6,1,1,34528.4140625,0.0,34528.4140625,34528.4140625,34528.4140625,0.0,34528.4140625,34528.4140625,scenarios_random
2011-05-01 12:00:00,34528.414,34528,12,6,1,1,34528.4140625,0.0,34528.4140625,34528.4140625,34528.4140625,0.0,34528.4140625,34528.4140625,scenarios_random
2011-05-01 12:05:00,34528.414,34528,12,6,1,1,34528.4140625,0.0,34528.4140625,34528.4140625,34528.4140625,0.0,34528.4140625,34528.4140625,scenarios_random
2011-05-01 12:10:00,34528.414,34528,12,6,1,1,34528.4140625,0.0,34528.4140625,34528.4140625,34528.4140625,0.0,34528.4140625,34528.4140625,scenarios_random
2011-05-01 12:15:00,34528.414,34528,12,6,1,1,34528.4140625,0.0,34528.4140625,34528.4140625,34528.4140625,0.0,34528.4140625,34528.4140625,scenarios_random
2011-05-01 12:20:00,34528.414,34528,12,6,1,1,34528.4140625,0.0,34528.4140625,34528.4140625,34528.4140625,0.0,34528.4140625,34528.4140625,scenarios_random
2011-05-01 12:25:00,34528.414,34528,12,6,1,1,34528.4140625,0.0,34528.4140625,34528.4140625,34528.4140625,0.0,34528.4140625,34528.4140625,scenarios_random
2011-05-01 12:30:00,34528.414,34528,12,6,1,1,34528.4140625,0.0,34528.4140625,34528.4140625,34528.4140625,0.0,34528.4140625,34528.4140625,scenarios_random
2011-05-01 12:35:00,34528.414,34528,12,6,1,1,34528.4140625,0.0,34528.4140625,34528.4140625,34528.4140625,0.0,34528.4140625,34528.4140625,scenarios_random
2011-05-01 12:40:00,34528.414,34528,12,6,1,1,34528.4140625,0.0,34528.4140625,34528.4140625,34528.4140625,0.0,34528.4140625,34528.4140625,scenarios_random
2011-05-01 12:45:00,34528.414,34528,12,6,1,1,34528.4140625,0.0,34528.4140625,34528.4140625,34528.4140625,0.0,34528.4140625,34528.4140625,scenarios_random
2011-05-01 12:50:00,34528.414,34528,12,6,1,1,34528.4140625,0.0,34528.4140625,34528.4140625,34528.4140625,0.0,34528.4140625,34528.4140625,scenarios_random
2011-05-01 12:55:00,34528.414,34528,12,6,1,1,34528.4140625,0.0,34528.4140625,34528.4140625,34528.4140625,0.0,34528.4140625,34528.4140625,scenarios_random
2011-05-01 13:00:00,34528.414,34528,13,6,1,1,34528.4140625,0.0,34528.4140625,34528.4140625,34528.4140625,0.0,34528.4140625,34528.4140625,scenarios_random
2011-05-01 13:05:00,34528.414,34528,13,6,1,1,34528.4140625,0.0,34528.4140625,34528.4140625,34528.4140625,0.0,34528.4140625,34528.4140625,scenarios_random
2011-05-01 13:10:00,34528.414,34528,13,6,1,1,34528.4140625,0.0,34528.4140625,34528.4140625,34528.4140625,0.0,34528.4140625,34528.4140625,scenarios_random
2011-05-01 13:15:00,34528.414,34528,13,6,1,1,34528.4140625,0.0,34528.4140625,34528.4140625,34528.4140625,0.0,34528.4140625,34528.4140625,scenarios_random
2011-05-01 13:20:00,34528.414,34528,13,6,1,1,34528.4140625,0.0,34528.4140625,34528.4140625,34528.4140625,0.0,34528.4140625,34528.4140625,scenarios_random
2011-05-01 13:25:00,34528.414,34528,13,6,1,1,34528.4140625,0.0,34528.4140625,34528.4140625,34528.4140625,0.0,34528.4140625,34528.4140625,scenarios_random
2011-05-01 13:30:00,34528.414,34528,13,6,1,1,34528.4140625,0.0,34528.4140625,34528.4140625,34528.4140625,0.0,34528.4140625,34528.4140625,scenarios_random
2011-05-01 13:35:00,34528.414,34528,13,6,1,1,34528.4140625,0.0,34528.4140625,34528.4140625,34528.4140625,0.0,34528.4140625,34528.4140625,scenarios_random
2011-05-01 13:40:00,34528.414,34528,13,6,1,1,34528.4140625,0.0,34528.4140625,34528.4140625,34528.4140625,0.0,34528.4140625,34528.4140625,scenarios_random
2011-05-01 13:45:00,34528.414,34528,13,6,1,1,34528.4140625,0.0,34528.4140625,34528.4140625,34528.4140625,0.0,34528.4140625,34528.4140625,scenarios_random
2011-05-01 13:50:00,34528.414,34528,13,6,1,1,34528.4140625,0.0,34528.4140625,34528.4140625,34528.4140625,0.0,34528.4140625,34528.4140625,scenarios_random
2011-05-01 13:55:00,34528.414,34528,13,6,1,1,34528.4140625,0.0,34528.4140625,34528.4140625,34528.4140625,0.0,34528.4140625,34528.4140625,scenarios_random
2011-05-01 14:00:00,34528.414,34528,14,6,1,1,34528.4140625,0.0,34528.4140625,34528.4140625,34528.4140625,0.0,34528.4140625,34528.4140625,scenarios_random
2011-05-01 14:05:00,34528.414,34528,14,6,1,1,34528.4140625,0.0,34528.4140625,34528.4140625,34528.4140625,0.0,34528.4140625,34528.4140625,scenarios_random
2011-05-01 14:10:00,34528.414,34528,14,6,1,1,34528.4140625,0.0,34528.4140625,34528.4140625,34528.4140625,0.0,34528.4140625,34528.4140625,scenarios_random
2011-05-01 14:15:00,34528.414,34528,14,6,1,1,34528.4140625,0.0,34528.4140625,34528.4140625,34528.4140625,0.0,34528.4140625,34528.4140625,scenarios_random
2011-05-01 14:20:00,34528.414,34528,14,6,1,1,34528.4140625,0.0,34528.4140625,34528.4140625,34528.4140625,0.0,34528.4140625,34528.4140625,scenarios_random
2011-05-01 14:25:00,34528.414,34528,14,6,1,1,34528.4140625,0.0,34528.4140625,34528.4140625,34528.4140625,0.0,34528.4140625,34528.4140625,scenarios_random
2011-05-01 14:30:00,34528.414,34528,14,6,1,1,34528.4140625,0.0,34528.4140625,34528.4140625,34528.4140625,0.0,34528.4140625,34528.4140625,scenarios_random
2011-05-01 14:35:00,34528.414,34528,14,6,1,1,34528.4140625,0.0,34528.4140625,34528.4140625,34528.4140625,0.0,34528.4140625,34528.4140625,scenarios_random
2011-05-01 14:40:00,34528.414,34528,14,6,1,1,34528.4140625,0.0,34528.4140625,34528.4140625,34528.4140625,0.0,34528.4140625,34528.4140625,scenarios_random
2011-05-01 14:45:00,34528.414,34528,14,6,1,1,34528.4140625,0.0,34528.4140625,34528.4140625,34528.4140625,0.0,34528.4140625,34528.4140625,scenarios_random
2011-05-01 14:50:00,34528.414,34528,14,6,1,1,34528.4140625,0.0,34528.4140625,34528.4140625,34528.4140625,0.0,34528.4140625,34528.4140625,scenarios_random
2011-05-01 14:55:00,34528.414,34528,14,6,1,1,34528.4140625,0.0,34528.4140625,34528.4140625,34528.4140625,0.0,34528.4140625,34528.4140625,scenarios_random
2011-05-01 15:00:00,34528.414,34528,15,6,1,1,34528.4140625,0.0,34528.4140625,34528.4140625,34528.4140625,0.0,34528.4140625,34528.4140625,scenarios_random
2011-05-01 15:05:00,34528.414,34528,15,6,1,1,34528.4140625,0.0,34528.4140625,34528.4140625,34528.4140625,0.0,34528.4140625,34528.4140625,scenarios_random
2011-05-01 15:10:00,34528.414,34528,15,6,1,1,34528.4140625,0.0,34528.4140625,34528.4140625,34528.4140625,0.0,34528.4140625,34528.4140625,scenarios_random
2011-05-01 15:15:00,34528.414,34528,15,6,1,1,34528.4140625,0.0,34528.4140625,34528.4140625,34528.4140625,0.0,34528.4140625,34528.4140625,scenarios_random
2011-05-01 15:20:00,34528.414,34528,15,6,1,1,34528.4140625,0.0,34528.4140625,34528.4140625,34528.4140625,0.0,34528.4140625,34528.4140625,scenarios_random
2011-05-01 15:25:00,34528.414,34528,15,6,1,1,34528.4140625,0.0,34528.4140625,34528.4140625,34528.4140625,0.0,34528.4140625,34528.4140625,scenarios_random
2011-05-01 15:30:00,34528.414,34528,15,6,1,1,34528.4140625,0.0,34528.4140625,34528.4140625,34528.4140625,0.0,34528.4140625,34528.4140625,scenarios_random
2011-05-01 15:35:00,34528.414,34528,15,6,1,1,34528.4140625,0.0,34528.4140625,34528.4140625,34528.4140625,0.0,34528.4140625,34528.4140625,scenarios_random
2011-05-01 15:40:00,34528.414,34528,15,6,1,1,34528.4140625,0.0,34528.4140625,34528.4140625,34528.4140625,0.0,34528.4140625,34528.4140625,scenarios_random
2011-05-01 15:45:00,34528.414,34528,15,6,1,1,34528.4140625,0.0,34528.4140625,34528.4140625,34528.4140625,0.0,34528.4140625,34528.4140625,scenarios_random
2011-05-01 15:50:00,34528.414,34528,15,6,1,1,34528.4140625,0.0,34528.4140625,34528.4140625,34528.4140625,0.0,34528.4140625,34528.4140625,scenarios_random
2011-05-01 15:55:00,34528.414,34528,15,6,1,1,34528.4140625,0.0,34528.4140625,34528.4140625,34528.4140625,0.0,34528.4140625,34528.4140625,scenarios_random
2011-05-01 16:00:00,34528.414,34528,16,6,1,1,34528.4140625,0.0,34528.4140625,34528.4140625,34528.4140625,0.0,34528.4140625,34528.4140625,scenarios_random
2011-05-01 16:05:00,34528.414,34528,16,6,1,1,34528.4140625,0.0,34528.4140625,34528.4140625,34528.4140625,0.0,34528.4140625,34528.4140625,scenarios_random
2011-05-01 16:10:00,34528.414,34528,16,6,1,1,34528.4140625,0.0,34528.4140625,34528.4140625,34528.4140625,0.0,34528.4140625,34528.4140625,scenarios_random
2011-05-01 16:15:00,34528.414,34528,16,6,1,1,34528.4140625,0.0,34528.4140625,34528.4140625,34528.4140625,0.0,34528.4140625,34528.4140625,scenarios_random
2011-05-01 16:20:00,34528.414,34528,16,6,1,1,34528.4140625,0.0,34528.4140625,34528.4140625,34528.4140625,0.0,34528.4140625,34528.4140625,scenarios_random
2011-05-01 16:25:00,34528.414,34528,16,6,1,1,34528.4140625,0.0,34528.4140625,34528.4140625,34528.4140625,0.0,34528.4140625,34528.4140625,scenarios_random
2011-05-01 16:30:00,34528.414,34528,16,6,1,1,34528.4140625,0.0,34528.4140625,34528.4140625,34528.4140625,0.0,34528.4140625,34528.4140625,scenarios_random
2011-05-01 16:35:00,34528.414,34528,16,6,1,1,34528.4140625,0.0,34528.4140625,34528.4140625,34528.4140625,0.0,34528.4140625,34528.4140625,scenarios_random
2011-05-01 16:40:00,34528.414,34528,16,6,1,1,34528.4140625,0.0,34528.4140625,34528.4140625,34528.4140625,0.0,34528.4140625,34528.4140625,scenarios_random
2011-05-01 16:45:00,34528.414,34528,16,6,1,1,34528.4140625,0.0,34528.4140625,34528.4140625,34528.4140625,0.0,34528.4140625,34528.4140625,scenarios_random
2011-05-01 16:50:00,34528.414,34528,16,6,1,1,34528.4140625,0.0,34528.4140625,34528.4140625,34528.4140625,0.0,34528.4140625,34528.4140625,scenarios_random
2011-05-01 16:55:00,34528.414,34528,16,6,1,1,34528.4140625,0.0,34528.4140625,34528.4140625,34528.4140625,0.0,34528.4140625,34528.4140625,scenarios_random
2011-05-01 17:00:00,34528.414,34528,17,6,1,1,34528.4140625,0.0,34528.4140625,34528.4140625,34528.4140625,0.0,34528.4140625,34528.4140625,scenarios_random
2011-05-01 17:05:00,34528.414,34528,17,6,1,1,34528.4140625,0.0,34528.4140625,34528.4140625,34528.4140625,0.0,34528.4140625,34528.4140625,scenarios_random
2011-05-01 17:10:00,34528.414,34528,17,6,1,1,34528.4140625,0.0,34528.4140625,34528.4140625,34528.4140625,0.0,34528.4140625,34528.4140625,scenarios_random
2011-05-01 17:15:00,34528.414,34528,17,6,1,1,34528.4140625,0.0,34528.4140625,34528.4140625,34528.4140625,0.0,34528.4140625,34528.4140625,scenarios_random
2011-05-01 17:20:00,34528.414,34528,17,6,1,1,34528.4140625,0.0,34528.4140625,34528.4140625,34528.4140625,0.0,34528.4140625,34528.4140625,scenarios_random
2011-05-01 17:25:00,34528.414,34528,17,6,1,1,34528.4140625,0.0,34528.4140625,34528.4140625,34528.4140625,0.0,34528.4140625,34528.4140625,scenarios_random
2011-05-01 17:30:00,34528.414,34528,17,6,1,1,34528.4140625,0.0,34528.4140625,34528.4140625,34528.4140625,0.0,34528.4140625,34528.4140625,scenarios_random
2011-05-01 17:35:00,34528.414,34528,17,6,1,1,34528.4140625,0.0,34528.4140625,34528.4140625,34528.4140625,0.0,34528.4140625,34528.4140625,scenarios_random
2011-05-01 17:40:00,34528.414,34528,17,6,1,1,34528.4140625,0.0,34528.4140625,34528.4140625,34528.4140625,0.0,34528.4140625,34528.4140625,scenarios_random
2011-05-01 17:45:00,34528.414,34528,17,6,1,1,34528.4140625,0.0,34528.4140625,34528.4140625,34528.4140625,0.0,34528.4140625,34528.4140625,scenarios_random
2011-05-01 17:50:00,34528.414,34528,17,6,1,1,34528.4140625,0.0,34528.4140625,34528.4140625,34528.4140625,0.0,34528.4140625,34528.4140625,scenarios_random
2011-05-01 17:55:00,34528.414,34528,17,6,1,1,34528.4140625,0.0,34528.4140625,34528.4140625,34528.4140625,0.0,34528.4140625,34528.4140625,scenarios_random
2011-05-01 18:00:00,34528.414,34528,18,6,1,0,34528.4140625,0.0,34528.4140625,34528.4140625,34528.4140625,0.0,34528.4140625,34528.4140625,scenarios_random
2011-05-01 18:05:00,34528.414,34528,18,6,1,0,34528.4140625,0.0,34528.4140625,34528.4140625,34528.4140625,0.0,34528.4140625,34528.4140625,scenarios_random
2011-05-01 18:10:00,34528.414,34528,18,6,1,0,34528.4140625,0.0,34528.4140625,34528.4140625,34528.4140625,0.0,34528.4140625,34528.4140625,scenarios_random
2011-05-01 18:15:00,34528.414,34528,18,6,1,0,34528.4140625,0.0,34528.4140625,34528.4140625,34528.4140625,0.0,34528.4140625,34528.4140625,scenarios_random
2011-05-01 18:20:00,34528.414,34528,18,6,1,0,34528.4140625,0.0,34528.4140625,34528.4140625,34528.4140625,0.0,34528.4140625,34528.4140625,scenarios_random
2011-05-01 18:25:00,34528.414,34528,18,6,1,0,34528.4140625,0.0,34528.4140625,34528.4140625,34528.4140625,0.0,34528.4140625,34528.4140625,scenarios_random
2011-05-01 18:30:00,34528.414,34528,18,6,1,0,34528.4140625,0.0,34528.4140625,34528.4140625,34528.4140625,0.0,34528.4140625,34528.4140625,scenarios_random
2011-05-01 18:35:00,34528.414,34528,18,6,1,0,34528.4140625,0.0,34528.4140625,34528.4140625,34528.4140625,0.0,34528.4140625,34528.4140625,scenarios_random
2011-05-01 18:40:00,34528.414,34528,18,6,1,0,34528.4140625,0.0,34528.4140625,34528.4140625,34528.4140625,0.0,34528.4140625,34528.4140625,scenarios_random
2011-05-01 18:45:00,34528.414,34528,18,6,1,0,34528.4140625,0.0,34528.4140625,34528.4140625,34528.4140625,0.0,34528.4140625,34528.4140625,scenarios_random
2011-05-01 18:50:00,34528.414,34528,18,6,1,0,34528.4140625,0.0,34528.4140625,34528.4140625,34528.4140625,0.0,34528.4140625,34528.4140625,scenarios_random
2011-05-01 18:55:00,34528.414,34528,18,6,1,0,34528.4140625,0.0,34528.4140625,34528.4140625,34528.4140625,0.0,34528.4140625,34528.4140625,scenarios_random
2011-05-01 19:00:00,34528.414,34528,19,6,1,0,34528.4140625,0.0,34528.4140625,34528.4140625,34528.4140625,0.0,34528.4140625,34528.4140625,scenarios_random
2011-05-01 19:05:00,34528.414,34528,19,6,1,0,34528.4140625,0.0,34528.4140625,34528.4140625,34528.4140625,0.0,34528.4140625,34528.4140625,scenarios_random
2011-05-01 19:10:00,34528.414,34528,19,6,1,0,34528.4140625,0.0,34528.4140625,34528.4140625,34528.4140625,0.0,34528.4140625,34528.4140625,scenarios_random
2011-05-01 19:15:00,34528.414,34528,19,6,1,0,34528.4140625,0.0,34528.4140625,34528.4140625,34528.4140625,0.0,34528.4140625,34528.4140625,scenarios_random
2011-05-01 19:20:00,34528.414,34528,19,6,1,0,34528.4140625,0.0,34528.4140625,34528.4140625,34528.4140625,0.0,34528.4140625,34528.4140625,scenarios_random
2011-05-01 19:25:00,34528.414,34528,19,6,1,0,34528.4140625,0.0,34528.4140625,34528.4140625,34528.4140625,0.0,34528.4140625,34528.4140625,scenarios_random
2011-05-01 19:30:00,34528.414,34528,19,6,1,0,34528.4140625,0.0,34528.4140625,34528.4140625,34528.4140625,0.0,34528.4140625,34528.4140625,scenarios_random
2011-05-01 19:35:00,34528.414,34528,19,6,1,0,34528.4140625,0.0,34528.4140625,34528.4140625,34528.4140625,0.0,34528.4140625,34528.4140625,scenarios_random
2011-05-01 19:40:00,34528.414,34528,19,6,1,0,34528.4140625,0.0,34528.4140625,34528.4140625,34528.4140625,0.0,34528.4140625,34528.4140625,scenarios_random
2011-05-01 19:45:00,34528.414,34528,19,6,1,0,34528.4140625,0.0,34528.4140625,34528.4140625,34528.4140625,0.0,34528.4140625,34528.4140625,scenarios_random
2011-05-01 19:50:00,34528.414,34528,19,6,1,0,34528.4140625,0.0,34528.4140625,34528.4140625,34528.4140625,0.0,34528.4140625,34528.4140625,scenarios_random
2011-05-01 19:55:00,34528.414,34528,19,6,1,0,34528.4140625,0.0,34528.4140625,34528.4140625,34528.4140625,0.0,34528.4140625,34528.4140625,scenarios_random
2011-05-01 20:00:00,34528.414,34528,20,6,1,0,34528.4140625,0.0,34528.4140625,34528.4140625,34528.4140625,0.0,34528.4140625,34528.4140625,scenarios_random
2011-05-01 20:05:00,34528.414,34528,20,6,1,0,34528.4140625,0.0,34528.4140625,34528.4140625,34528.4140625,0.0,34528.4140625,34528.4140625,scenarios_random
2011-05-01 20:10:00,34528.414,34528,20,6,1,0,34528.4140625,0.0,34528.4140625,34528.4140625,34528.4140625,0.0,34528.4140625,34528.4140625,scenarios_random
2011-05-01 20:15:00,34528.414,34528,20,6,1,0,34528.4140625,0.0,34528.4140625,34528.4140625,34528.4140625,0.0,34528.4140625,34528.4140625,scenarios_random
2011-05-01 20:20:00,34528.414,34528,20,6,1,0,34528.4140625,0.0,34528.4140625,34528.4140625,34528.4140625,0.0,34528.4140625,34528.4140625,scenarios_random
2011-05-01 20:25:00,34528.414,34528,20,6,1,0,34528.4140625,0.0,34528.4140625,34528.4140625,34528.4140625,0.0,34528.4140625,34528.4140625,scenarios_random
2011-05-01 20:30:00,34528.414,34528,20,6,1,0,34528.4140625,0.0,34528.4140625,34528.4140625,34528.4140625,0.0,34528.4140625,34528.4140625,scenarios_random
2011-05-01 20:35:00,34528.414,34528,20,6,1,0,34528.4140625,0.0,34528.4140625,34528.4140625,34528.4140625,0.0,34528.4140625,34528.4140625,scenarios_random
2011-05-01 20:40:00,34528.414,34528,20,6,1,0,34528.4140625,0.0,34528.4140625,34528.4140625,34528.4140625,0.0,34528.4140625,34528.4140625,scenarios_random
2011-05-01 20:45:00,34528.414,34528,20,6,1,0,34528.4140625,0.0,34528.4140625,34528.4140625,34528.4140625,0.0,34528.4140625,34528.4140625,scenarios_random
2011-05-01 20:50:00,34528.414,34528,20,6,1,0,34528.4140625,0.0,34528.4140625,34528.4140625,34528.4140625,0.0,34528.4140625,34528.4140625,scenarios_random
2011-05-01 20:55:00,34528.414,34528,20,6,1,0,34528.4140625,0.0,34528.4140625,34528.4140625,34528.4140625,0.0,34528.4140625,34528.4140625,scenarios_random
2011-05-01 21:00:00,34528.414,34528,21,6,1,0,34528.4140625,0.0,34528.4140625,34528.4140625,34528.4140625,0.0,34528.4140625,34528.4140625,scenarios_random
2011-05-01 21:05:00,34528.414,34528,21,6,1,0,34528.4140625,0.0,34528.4140625,34528.4140625,34528.4140625,0.0,34528.4140625,34528.4140625,scenarios_random
2011-05-01 21:10:00,34528.414,34528,21,6,1,0,34528.4140625,0.0,34528.4140625,34528.4140625,34528.4140625,0.0,34528.4140625,34528.4140625,scenarios_random
2011-05-01 21:15:00,34528.414,34528,21,6,1,0,34528.4140625,0.0,34528.4140625,34528.4140625,34528.4140625,0.0,34528.4140625,34528.4140625,scenarios_random
2011-05-01 21:20:00,34528.414,34528,21,6,1,0,34528.4140625,0.0,34528.4140625,34528.4140625,34528.4140625,0.0,34528.4140625,34528.4140625,scenarios_random
2011-05-01 21:25:00,34528.414,34528,21,6,1,0,34528.4140625,0.0,34528.4140625,34528.4140625,34528.4140625,0.0,34528.4140625,34528.4140625,scenarios_random
2011-05-01 21:30:00,34528.414,34528,21,6,1,0,34528.4140625,0.0,34528.4140625,34528.4140625,34528.4140625,0.0,34528.4140625,34528.4140625,scenarios_random
2011-05-01 21:35:00,34528.414,34528,21,6,1,0,34528.4140625,0.0,34528.4140625,34528.4140625,34528.4140625,0.0,34528.4140625,34528.4140625,scenarios_random
2011-05-01 21:40:00,34528.414,34528,21,6,1,0,34528.4140625,0.0,34528.4140625,34528.4140625,34528.4140625,0.0,34528.4140625,34528.4140625,scenarios_random
2011-05-01 21:45:00,34528.414,34528,21,6,1,0,34528.4140625,0.0,34528.4140625,34528.4140625,34528.4140625,0.0,34528.4140625,34528.4140625,scenarios_random
2011-05-01 21:50:00,34528.414,34528,21,6,1,0,34528.4140625,0.0,34528.4140625,34528.4140625,34528.4140625,0.0,34528.4140625,34528.4140625,scenarios_random
2011-05-01 21:55:00,34528.414,34528,21,6,1,0,34528.4140625,0.0,34528.4140625,34528.4140625,34528.4140625,0.0,34528.4140625,34528.4140625,scenarios_random
2011-05-01 22:00:00,34528.414,34528,22,6,1,0,34528.4140625,0.0,34528.4140625,34528.4140625,34528.4140625,0.0,34528.4140625,34528.4140625,scenarios_random
2011-05-01 22:05:00,34528.414,34528,22,6,1,0,34528.4140625,0.0,34528.4140625,34528.4140625,34528.4140625,0.0,34528.4140625,34528.4140625,scenarios_random
2011-05-01 22:10:00,34528.414,34528,22,6,1,0,34528.4140625,0.0,34528.4140625,34528.4140625,34528.4140625,0.0,34528.4140625,34528.4140625,scenarios_random
2011-05-01 22:15:00,34528.414,34528,22,6,1,0,34528.4140625,0.0,34528.4140625,34528.4140625,34528.4140625,0.0,34528.4140625,34528.4140625,scenarios_random
2011-05-01 22:20:00,34528.414,34528,22,6,1,0,34528.4140625,0.0,34528.4140625,34528.4140625,34528.4140625,0.0,34528.4140625,34528.4140625,scenarios_random
2011-05-01 22:25:00,34528.414,34528,22,6,1,0,34528.4140625,0.0,34528.4140625,34528.4140625,34528.4140625,0.0,34528.4140625,34528.4140625,scenarios_random
2011-05-01 22:30:00,34528.414,34528,22,6,1,0,34528.4140625,0.0,34528.4140625,34528.4140625,34528.4140625,0.0,34528.4140625,34528.4140625,scenarios_random
2011-05-01 22:35:00,34528.414,34528,22,6,1,0,34528.4140625,0.0,34528.4140625,34528.4140625,34528.4140625,0.0,34528.4140625,34528.4140625,scenarios_random
2011-05-01 22:40:00,34528.414,34528,22,6,1,0,34528.4140625,0.0,34528.4140625,34528.4140625,34528.4140625,0.0,34528.4140625,34528.4140625,scenarios_random
2011-05-01 22:45:00,34528.414,34528,22,6,1,0,34528.4140625,0.0,34528.4140625,34528.4140625,34528.4140625,0.0,34528.4140625,34528.4140625,scenarios_random
2011-05-01 22:50:00,34528.414,34528,22,6,1,0,34528.4140625,0.0,34528.4140625,34528.4140625,34528.4140625,0.0,34528.4140625,34528.4140625,scenarios_random
2011-05-01 22:55:00,34528.414,34528,22,6,1,0,34528.4140625,0.0,34528.4140625,34528.4140625,34528.4140625,0.0,34528.4140625,34528.4140625,scenarios_random
2011-05-01 23:00:00,34528.414,34528,23,6,1,0,34528.4140625,0.0,34528.4140625,34528.4140625,34528.4140625,0.0,34528.4140625,34528.4140625,scenarios_random
2011-05-01 23:05:00,34528.414,34528,23,6,1,0,34528.4140625,0.0,34528.4140625,34528.4140625,34528.4140625,0.0,34528.4140625,34528.4140625,scenarios_random
2011-05-01 23:10:00,34528.414,34528,23,6,1,0,34528.4140625,0.0,34528.4140625,34528.4140625,34528.4140625,0.0,34528.4140625,34528.4140625,scenarios_random
2011-05-01 23:15:00,34528.414,34528,23,6,1,0,34528.4140625,0.0,34528.4140625,34528.4140625,34528.4140625,0.0,34528.4140625,34528.4140625,scenarios_random
2011-05-01 23:20:00,34528.414,34528,23,6,1,0,34528.4140625,0.0,34528.4140625,34528.4140625,34528.4140625,0.0,34528.4140625,34528.4140625,scenarios_random
2011-05-01 23:25:00,34528.414,34528,23,6,1,0,34528.4140625,0.0,34528.4140625,34528.4140625,34528.4140625,0.0,34528.4140625,34528.4140625,scenarios_random
2011-05-01 23:30:00,34528.414,34528,23,6,1,0,34528.4140625,0.0,34528.4140625,34528.4140625,34528.4140625,0.0,34528.4140625,34528.4140625,scenarios_random
2011-05-01 23:35:00,34528.414,34528,23,6,1,0,34528.4140625,0.0,34528.4140625,34528.4140625,34528.4140625,0.0,34528.4140625,34528.4140625,scenarios_random
2011-05-01 23:40:00,34528.414,34528,23,6,1,0,34528.4140625,0.0,34528.4140625,34528.4140625,34528.4140625,0.0,34528.4140625,34528.4140625,scenarios_random
2011-05-01 23:45:00,34528.414,34528,23,6,1,0,34528.4140625,0.0,34528.4140625,34528.4140625,34528.4140625,0.0,34528.4140625,34528.4140625,scenarios_random
2011-05-01 23:50:00,34528.414,34528,23,6,1,0,34528.4140625,0.0,34528.4140625,34528.4140625,34528.4140625,0.0,34528.4140625,34528.4140625,scenarios_random
2011-05-01 23:55:00,34528.414,34528,23,6,1,0,34528.4140625,0.0,34528.4140625,34528.4140625,34528.4140625,0.0,34528.4140625,34528.4140625,scenarios_random
2011-05-01 00:00:00,36623.598,36624,0,6,1,0,36623.59765625,,36623.59765625,36623.59765625,36623.59765625,,36623.59765625,36623.59765625,scenarios_stress
2011-05-01 00:05:00,37991.883,37992,0,6,1,0,37307.740234375,967.5237125812696,37991.8828125,36623.59765625,37307.740234375,967.5237125812696,37991.8828125,36623.59765625,scenarios_stress
2011-05-01 00:10:00,39146.37,39146,0,6,1,0,37920.6171875,1262.8956988678328,39146.37109375,36623.59765625,37920.6171875,1262.8956988678328,39146.37109375,36623.59765625,scenarios_stress
2011-05-01 00:15:00,40001.55,40002,0,6,1,0,38440.8505859375,1464.8691134518597,40001.55078125,36623.59765625,38440.8505859375,1464.8691134518597,40001.55078125,36623.59765625,scenarios_stress
2011-05-01 00:20:00,40642.934,40643,0,6,1,0,38881.2671875,1605.993478915228,40642.93359375,36623.59765625,38881.2671875,1605.993478915228,40642.93359375,36623.59765625,scenarios_stress
2011-05-01 00:25:00,41027.76,41028,0,6,1,0,39239.016276041664,1682.6403375555176,41027.76171875,36623.59765625,39239.016276041664,1682.6403375555176,41027.76171875,36623.59765625,scenarios_stress
2011-05-01 00:30:00,41369.832,41370,0,6,1,0,39543.41852678572,1734.365551562611,41369.83203125,36623.59765625,39543.41852678572,1734.365551562611,41369.83203125,36623.59765625,scenarios_stress
2011-05-01 00:35:00,41583.625,41584,0,6,1,0,39798.4443359375,1760.2873282247242,41583.625,36623.59765625,39798.4443359375,1760.2873282247242,41583.625,36623.59765625,scenarios_stress
2011-05-01 00:40:00,41754.664,41755,0,6,1,0,40015.802083333336,1771.0122970625837,41754.6640625,36623.59765625,40015.802083333336,1771.0122970625837,41754.6640625,36623.59765625,scenarios_stress
2011-05-01 00:45:00,41840.18,41840,0,6,1,0,40198.23984375,1766.5847380091436,41840.1796875,36623.59765625,40198.23984375,1766.5847380091436,41840.1796875,36623.59765625,scenarios_stress
2011-05-01 00:50:00,42011.215,42011,0,6,1,0,40363.05575284091,1762.8234726410474,42011.21484375,36623.59765625,40363.05575284091,1762.8234726410474,42011.21484375,36623.59765625,scenarios_stress
2011-05-01 00:55:00,42011.215,42011,0,6,1,0,40500.40234375,1746.8289533134682,42011.21484375,36623.59765625,40500.40234375,1746.8289533134682,42011.21484375,36623.59765625,scenarios_stress
2011-05-01 01:00:00,42053.973,42054,1,6,1,0,40952.93359375,1296.5716001551282,42053.97265625,37991.8828125,40619.90775240384,1727.074742020209,42053.97265625,36623.59765625,scenarios_stress
2011-05-01 01:05:00,42096.73,42097,1,6,1,0,41295.00423177084,935.5785163583356,42096.73046875,39146.37109375,40725.39508928572,1705.6166314316697,42096.73046875,36623.59765625,scenarios_stress
2011-05-01 01:10:00,42139.492,42139,1,6,1,0,41544.430989583336,672.7386239976014,42139.4921875,40001.55078125,40819.668229166666,1683.6402831798928,42139.4921875,36623.59765625,scenarios_stress
2011-05-01 01:15:00,42182.25,42182,1,6,1,0,41726.15592447917,486.9567973769266,42182.25,40642.93359375,40904.82958984375,1661.8386245082947,42182.25,36623.59765625,scenarios_stress
2011-05-01 01:20:00,42267.77,42268,1,6,1,0,41861.55891927084,370.3024779449556,42267.76953125,41027.76171875,40985.00252757353,1642.6721483881645,42267.76953125,36623.59765625,scenarios_stress
2011-05-01 01:25:00,42310.527,42311,1,6,1,0,41968.4560546875,282.45580197349733,42310.52734375,41369.83203125,41058.64279513889,1623.9630651699474,42310.52734375,36623.59765625,scenarios_stress
2011-05-01 01:30:00,42310.527,42311,1,6,1,0,42046.84733072917,226.1362863818923,42310.52734375,41583.625,41124.53145559211,1604.1280524654037,42310.52734375,36623.59765625,scenarios_stress
2011-05-01 01:35:00,42353.29,42353,1,6,1,0,42110.98600260416,188.89155059076728,42353.2890625,41754.6640625,41185.9693359375,1585.3346907203006,42353.2890625,36623.59765625,scenarios_stress
2011-05-01 01:40:00,42353.29,42353,1,6,1,0,42160.87141927084,163.5856703586712,42353.2890625,41840.1796875,41241.555989583336,1566.0489056397785,42353.2890625,36623.59765625,scenarios_stress
2011-05-01 01:45:00,42353.29,42353,1,6,1,0,42203.63053385416,137.04818232151925,42353.2890625,42011.21484375,41292.08931107954,1546.5777020452674,42353.2890625,36623.59765625,scenarios_stress
2011-05-01 01:50:00,42353.29,42353,1,6,1,0,42232.13671875,128.70928960058356,42353.2890625,42011.21484375,41338.22843070652,1527.135411747223,42353.2890625,36623.59765625,scenarios_stress
2011-05-01 01:55:00,42353.29,42353,1,6,1,0,42260.64290364584,112.14725633541808,42353.2890625,42053.97265625,41380.52262369792,1507.8714246281063,42353.2890625,36623.59765625,scenarios_stress
2011-05-01 02:00:00,42396.047,42396,2,6,1,0,42289.149088541664,97.33610537776784,42396.046875,42096.73046875,41621.04134114584,1128.8533166208636,42396.046875,37991.8828125,scenarios_stress
2011-05-01 02:05:00,42396.047,42396,2,6,1,0,42314.09212239584,80.42717980441118,42396.046875,42139.4921875,41804.548177083336,832.251356775549,42396.046875,39146.37109375,scenarios_stress
2011-05-01 02:10:00,42396.047,42396,2,6,1,0,42335.4716796875,61.71802619622808,42396.046875,42182.25,41939.95133463541,617.6646874610404,42396.046875,40001.55078125,scenarios_stress
2011-05-01 02:15:00,42438.805,42439,2,6,1,0,42356.85123697917,46.33481321329341,42438.8046875,42267.76953125,42041.50358072917,467.1221642165843,42438.8046875,40642.93359375,scenarios_stress
2011-05-01 02:20:00,42438.805,42439,2,6,1,0,42371.10416666666,42.59655318018487,42438.8046875,42310.52734375,42116.33154296875,366.3059104988518,42438.8046875,41027.76171875,scenarios_stress
2011-05-01 02:25:00,42481.562,42482,2,6,1,0,42385.35709635416,48.66664869118208,42481.5625,42310.52734375,42176.90657552084,290.9120456989281,42481.5625,41369.83203125,scenarios_stress
2011-05-01 02:30:00,42481.562,42482,2,6,1,0,42399.610026041664,49.79147919335111,42481.5625,42353.2890625,42223.22867838541,241.0515045841116,42481.5625,41583.625,scenarios_stress
2011-05-01 02:35:00,42481.562,42482,2,6,1,0,42410.29947916666,52.631228916619,42481.5625,42353.2890625,42260.64274088541,204.35285437223305,42481.5625,41754.6640625,scenarios_stress
2011-05-01 02:40:00,42481.562,42482,2,6,1,0,42420.988932291664,53.02449387908116,42481.5625,42353.2890625,42290.93017578125,178.3081452157848,42481.5625,41840.1796875,scenarios_stress
2011-05-01 02:45:00,42481.562,42482,2,6,1,0,42431.67838541666,51.027869658053824,42481.5625,42353.2890625,42317.65445963541,154.25578150923528,42481.5625,42011.21484375,scenarios_stress
2011-05-01 02:50:00,42481.562,42482,2,6,1,0,42442.367838541664,46.33342043701795,42481.5625,42353.2890625,42337.25227864584,143.10596260183837,42481.5625,42011.21484375,scenarios_stress
2011-05-01 02:55:00,42481.562,42482,2,6,1,0,42453.05729166666,37.95291891007943,42481.5625,42396.046875,42356.85009765625,127.91497227442676,42481.5625,42053.97265625,scenarios_stress
2011-05-01 03:00:00,42481.562,42482,3,6,1,0,42460.18359375,34.10893472494134,42481.5625,42396.046875,42374.66634114584,112.77756426795368,42481.5625,42096.73046875,scenarios_stress
2011-05-01 03:05:00,42481.562,42482,3,6,1,0,42467.309895833336,27.84982858215612,42481.5625,42396.046875,42390.701009114586,97.921819485129,42481.5625,42139.4921875,scenarios_stress
2011-05-01 03:10:00,42481.562,42482,3,6,1,0,42474.43619791666,16.64345594372241,42481.5625,42438.8046875,42404.953938802086,83.61769554141125,42481.5625,42182.25,scenarios_stress
2011-05-01 03:15:00,42481.562,42482,3,6,1,0,42477.999348958336,12.343117279457587,42481.5625,42438.8046875,42417.42529296875,70.20254308317548,42481.5625,42267.76953125,scenarios_stress
2011-05-01 03:20:00,42481.562,42482,3,6,1,0,42481.5625,0.0,42481.5625,42481.5625,42426.333333333336,63.64486733900903,42481.5625,42310.52734375,scenarios_stress
2011-05-01 03:25:00,42481.562,42482,3,6,1,0,42481.5625,0.0,42481.5625,42481.5625,42433.459798177086,59.558428669034114,42481.5625,42310.52734375,scenarios_stress
2011-05-01 03:30:00,42481.562,42482,3,6,1,0,42481.5625,0.0,42481.5625,42481.5625,42440.58626302084,54.20105619466661,42481.5625,42353.2890625,scenarios_stress
2011-05-01 03:35:00,42481.562,42482,3,6,1,0,42481.5625,0.0,42481.5625,42481.5625,42445.930989583336,51.47435733903375,42481.5625,42353.2890625,scenarios_stress
2011-05-01 03:40:00,42481.562,42482,3,6,1,0,42481.5625,0.0,42481.5625,42481.5625,42451.27571614584,47.97758040364139,42481.5625,42353.2890625,scenarios_stress
2011-05-01 03:45:00,42481.562,42482,3,6,1,0,42481.5625,0.0,42481.5625,42481.5625,42456.620442708336,43.52551856533657,42481.5625,42353.2890625,scenarios_stress
2011-05-01 03:50:00,42481.562,42482,3,6,1,0,42481.5625,0.0,42481.5625,42481.5625,42461.96516927084,37.7819679006699,42481.5625,42353.2890625,scenarios_stress
2011-05-01 03:55:00,42481.562,42482,3,6,1,0,42481.5625,0.0,42481.5625,42481.5625,42467.309895833336,30.01445014630936,42481.5625,42396.046875,scenarios_stress
2011-05-01 04:00:00,42481.562,42482,4,6,1,0,42481.5625,0.0,42481.5625,42481.5625,42470.873046875,25.99327630737429,42481.5625,42396.046875,scenarios_stress
2011-05-01 04:05:00,42481.562,42482,4,6,1,0,42481.5625,0.0,42481.5625,42481.5625,42474.43619791666,20.589742935820784,42481.5625,42396.046875,scenarios_stress
2011-05-01 04:10:00,42524.32,42524,4,6,1,0,42485.125651041664,12.343117279465226,42524.3203125,42481.5625,42479.78092447917,15.33469399407734,42524.3203125,42438.8046875,scenarios_stress
2011-05-01 04:15:00,42524.32,42524,4,6,1,0,42488.688802083336,16.64345594373296,42524.3203125,42481.5625,42483.34407552084,15.334693994079068,42524.3203125,42438.8046875,scenarios_stress
2011-05-01 04:20:00,42524.32,42524,4,6,1,0,42492.251953125,19.33794830779231,42524.3203125,42481.5625,42486.9072265625,14.444955702857609,42524.3203125,42481.5625,scenarios_stress
2011-05-01 04:25:00,42524.32,42524,4,6,1,0,42495.81510416666,21.05249156718119,42524.3203125,42481.5625,42488.688802083336,16.277621028761907,42524.3203125,42481.5625,scenarios_stress
2011-05-01 04:30:00,42524.32,42524,4,6,1,0,42499.378255208336,22.017222691454503,42524.3203125,42481.5625,42490.47037760416,17.73812627635223,42524.3203125,42481.5625,scenarios_stress
2011-05-01 04:35:00,42524.32,42524,4,6,1,0,42502.94140625,22.32953932197096,42524.3203125,42481.5625,42492.251953125,18.912886547986137,42524.3203125,42481.5625,scenarios_stress
2011-05-01 04:40:00,42524.32,42524,4,6,1,0,42506.504557291664,22.01722269145943,42524.3203125,42481.5625,42494.03352864584,19.852692706520564,42524.3203125,42481.5625,scenarios_stress
2011-05-01 04:45:00,42524.32,42524,4,6,1,0,42510.067708333336,21.052491567192348,42524.3203125,42481.5625,42495.81510416666,20.58974293582736,42524.3203125,42481.5625,scenarios_stress
2011-05-01 04:50:00,42524.32,42524,4,6,1,0,42513.630859375,19.33794830781213,42524.3203125,42481.5625,42497.5966796875,21.14524998595965,42524.3203125,42481.5625,scenarios_stress
2011-05-01 04:55:00,42524.32,42524,4,6,1,0,42517.19401041666,16.643455943763986,42524.3203125,42481.5625,42499.378255208336,21.53326858875245,42524.3203125,42481.5625,scenarios_stress
2011-05-01 05:00:00,42524.32,42524,5,6,1,0,42520.757161458336,12.343117279515845,42524.3203125,42481.5625,42501.15983072917,21.76275928285132,42524.3203125,42481.5625,scenarios_stress
2011-05-01 05:05:00,42524.32,42524,5,6,1,0,42524.3203125,0.0,42524.3203125,42524.3203125,42502.94140625,21.83872027918918,42524.3203125,42481.5625,scenarios_stress
2011-05-01 05:10:00,42524.32,42524,5,6,1,0,42524.3203125,0.0,42524.3203125,42524.3203125,42504.72298177084,21.76275928285253,42524.3203125,42481.5625,scenarios_stress
2011-05-01 05:15:00,42524.32,42524,5,6,1,0,42524.3203125,0.0,42524.3203125,42524.3203125,42506.504557291664,21.53326858875491,42524.3203125,42481.5625,scenarios_stress
2011-05-01 05:20:00,42524.32,42524,5,6,1,0,42524.3203125,0.0,42524.3203125,42524.3203125,42508.2861328125,21.14524998596341,42524.3203125,42481.5625,scenarios_stress
2011-05-01 05:25:00,42524.32,42524,5,6,1,0,42524.3203125,0.0,42524.3203125,42524.3203125,42510.067708333336,20.589742935832508,42524.3203125,42481.5625,scenarios_stress
2011-05-01 05:30:00,42524.32,42524,5,6,1,0,42524.3203125,0.0,42524.3203125,42524.3203125,42511.84928385416,19.85269270652724,42524.3203125,42481.5625,scenarios_stress
2011-05-01 05:35:00,42524.32,42524,5,6,1,0,42524.3203125,0.0,42524.3203125,42524.3203125,42513.630859375,18.912886547994542,42524.3203125,42481.5625,scenarios_stress
2011-05-01 05:40:00,42524.32,42524,5,6,1,0,42524.3203125,0.0,42524.3203125,42524.3203125,42515.41243489584,17.738126276362685,42524.3203125,42481.5625,scenarios_stress
2011-05-01 05:45:00,42524.32,42524,5,6,1,0,42524.3203125,0.0,42524.3203125,42524.3203125,42517.19401041666,16.277621028774927,42524.3203125,42481.5625,scenarios_stress
2011-05-01 05:50:00,42524.32,42524,5,6,1,0,42524.3203125,0.0,42524.3203125,42524.3203125,42518.9755859375,14.444955702874111,42524.3203125,42481.5625,scenarios_stress
2011-05-01 05:55:00,42524.32,42524,5,6,1,0,42524.3203125,0.0,42524.3203125,42524.3203125,42520.757161458336,12.07180684491465,42524.3203125,42481.5625,scenarios_stress
2011-05-01 06:00:00,42524.32,42524,6,6,1,0,42524.3203125,0.0,42524.3203125,42524.3203125,42522.53873697917,8.727901929171702,42524.3203125,42481.5625,scenarios_stress
2011-05-01 06:05:00,42524.32,42524,6,6,1,0,42524.3203125,0.0,42524.3203125,42524.3203125,42524.3203125,0.0,42524.3203125,42524.3203125,scenarios_stress
2011-05-01 06:10:00,42524.32,42524,6,6,1,0,42524.3203125,0.0,42524.3203125,42524.3203125,42524.3203125,0.0,42524.3203125,42524.3203125,scenarios_stress
2011-05-01 06:15:00,42524.32,42524,6,6,1,0,42524.3203125,0.0,42524.3203125,42524.3203125,42524.3203125,0.0,42524.3203125,42524.3203125,scenarios_stress
2011-05-01 06:20:00,42524.32,42524,6,6,1,0,42524.3203125,0.0,42524.3203125,42524.3203125,42524.3203125,0.0,42524.3203125,42524.3203125,scenarios_stress
2011-05-01 06:25:00,42524.32,42524,6,6,1,0,42524.3203125,0.0,42524.3203125,42524.3203125,42524.3203125,0.0,42524.3203125,42524.3203125,scenarios_stress
2011-05-01 06:30:00,42524.32,42524,6,6,1,0,42524.3203125,0.0,42524.3203125,42524.3203125,42524.3203125,0.0,42524.3203125,42524.3203125,scenarios_stress
2011-05-01 06:35:00,42524.32,42524,6,6,1,0,42524.3203125,0.0,42524.3203125,42524.3203125,42524.3203125,0.0,42524.3203125,42524.3203125,scenarios_stress
2011-05-01 06:40:00,42524.32,42524,6,6,1,0,42524.3203125,0.0,42524.3203125,42524.3203125,42524.3203125,0.0,42524.3203125,42524.3203125,scenarios_stress
2011-05-01 06:45:00,42524.32,42524,6,6,1,0,42524.3203125,0.0,42524.3203125,42524.3203125,42524.3203125,0.0,42524.3203125,42524.3203125,scenarios_stress
2011-05-01 06:50:00,42524.32,42524,6,6,1,0,42524.3203125,0.0,42524.3203125,42524.3203125,42524.3203125,0.0,42524.3203125,42524.3203125,scenarios_stress
2011-05-01 06:55:00,42524.32,42524,6,6,1,0,42524.3203125,0.0,42524.3203125,42524.3203125,42524.3203125,0.0,42524.3203125,42524.3203125,scenarios_stress
2011-05-01 07:00:00,42524.32,42524,7,6,1,0,42524.3203125,0.0,42524.3203125,42524.3203125,42524.3203125,0.0,42524.3203125,42524.3203125,scenarios_stress
2011-05-01 07:05:00,42524.32,42524,7,6,1,0,42524.3203125,0.0,42524.3203125,42524.3203125,42524.3203125,0.0,42524.3203125,42524.3203125,scenarios_stress
2011-05-01 07:10:00,42524.32,42524,7,6,1,0,42524.3203125,0.0,42524.3203125,42524.3203125,42524.3203125,0.0,42524.3203125,42524.3203125,scenarios_stress
2011-05-01 07:15:00,42524.32,42524,7,6,1,0,42524.3203125,0.0,42524.3203125,42524.3203125,42524.3203125,0.0,42524.3203125,42524.3203125,scenarios_stress
2011-05-01 07:20:00,42524.32,42524,7,6,1,0,42524.3203125,0.0,42524.3203125,42524.3203125,42524.3203125,0.0,42524.3203125,42524.3203125,scenarios_stress
2011-05-01 07:25:00,42524.32,42524,7,6,1,0,42524.3203125,0.0,42524.3203125,42524.3203125,42524.3203125,0.0,42524.3203125,42524.3203125,scenarios_stress
2011-05-01 07:30:00,42524.32,42524,7,6,1,0,42524.3203125,0.0,42524.3203125,42524.3203125,42524.3203125,0.0,42524.3203125,42524.3203125,scenarios_stress
2011-05-01 07:35:00,42524.32,42524,7,6,1,0,42524.3203125,0.0,42524.3203125,42524.3203125,42524.3203125,0.0,42524.3203125,42524.3203125,scenarios_stress
2011-05-01 07:40:00,42524.32,42524,7,6,1,0,42524.3203125,0.0,42524.3203125,42524.3203125,42524.3203125,0.0,42524.3203125,42524.3203125,scenarios_stress
2011-05-01 07:45:00,42524.32,42524,7,6,1,0,42524.3203125,0.0,42524.3203125,42524.3203125,42524.3203125,0.0,42524.3203125,42524.3203125,scenarios_stress
2011-05-01 07:50:00,42524.32,42524,7,6,1,0,42524.3203125,0.0,42524.3203125,42524.3203125,42524.3203125,0.0,42524.3203125,42524.3203125,scenarios_stress
2011-05-01 07:55:00,42524.32,42524,7,6,1,0,42524.3203125,0.0,42524.3203125,42524.3203125,42524.3203125,0.0,42524.3203125,42524.3203125,scenarios_stress
2011-05-01 08:00:00,42524.32,42524,8,6,1,0,42524.3203125,0.0,42524.3203125,42524.3203125,42524.3203125,0.0,42524.3203125,42524.3203125,scenarios_stress
2011-05-01 08:05:00,42524.32,42524,8,6,1,0,42524.3203125,0.0,42524.3203125,42524.3203125,42524.3203125,0.0,42524.3203125,42524.3203125,scenarios_stress
2011-05-01 08:10:00,42524.32,42524,8,6,1,0,42524.3203125,0.0,42524.3203125,42524.3203125,42524.3203125,0.0,42524.3203125,42524.3203125,scenarios_stress
2011-05-01 08:15:00,42524.32,42524,8,6,1,0,42524.3203125,0.0,42524.3203125,42524.3203125,42524.3203125,0.0,42524.3203125,42524.3203125,scenarios_stress
2011-05-01 08:20:00,42524.32,42524,8,6,1,0,42524.3203125,0.0,42524.3203125,42524.3203125,42524.3203125,0.0,42524.3203125,42524.3203125,scenarios_stress
2011-05-01 08:25:00,42524.32,42524,8,6,1,0,42524.3203125,0.0,42524.3203125,42524.3203125,42524.3203125,0.0,42524.3203125,42524.3203125,scenarios_stress
2011-05-01 08:30:00,42524.32,42524,8,6,1,0,42524.3203125,0.0,42524.3203125,42524.3203125,42524.3203125,0.0,42524.3203125,42524.3203125,scenarios_stress
2011-05-01 08:35:00,42524.32,42524,8,6,1,0,42524.3203125,0.0,42524.3203125,42524.3203125,42524.3203125,0.0,42524.3203125,42524.3203125,scenarios_stress
2011-05-01 08:40:00,42524.32,42524,8,6,1,0,42524.3203125,0.0,42524.3203125,42524.3203125,42524.3203125,0.0,42524.3203125,42524.3203125,scenarios_stress
2011-05-01 08:45:00,42524.32,42524,8,6,1,0,42524.3203125,0.0,42524.3203125,42524.3203125,42524.3203125,0.0,42524.3203125,42524.3203125,scenarios_stress
2011-05-01 08:50:00,42524.32,42524,8,6,1,0,42524.3203125,0.0,42524.3203125,42524.3203125,42524.3203125,0.0,42524.3203125,42524.3203125,scenarios_stress
2011-05-01 08:55:00,42524.32,42524,8,6,1,0,42524.3203125,0.0,42524.3203125,42524.3203125,42524.3203125,0.0,42524.3203125,42524.3203125,scenarios_stress
2011-05-01 09:00:00,42524.32,42524,9,6,1,1,42524.3203125,0.0,42524.3203125,42524.3203125,42524.3203125,0.0,42524.3203125,42524.3203125,scenarios_stress
2011-05-01 09:05:00,42524.32,42524,9,6,1,1,42524.3203125,0.0,42524.3203125,42524.3203125,42524.3203125,0.0,42524.3203125,42524.3203125,scenarios_stress
2011-05-01 09:10:00,42524.32,42524,9,6,1,1,42524.3203125,0.0,42524.3203125,42524.3203125,42524.3203125,0.0,42524.3203125,42524.3203125,scenarios_stress
2011-05-01 09:15:00,42524.32,42524,9,6,1,1,42524.3203125,0.0,42524.3203125,42524.3203125,42524.3203125,0.0,42524.3203125,42524.3203125,scenarios_stress
2011-05-01 09:20:00,42524.32,42524,9,6,1,1,42524.3203125,0.0,42524.3203125,42524.3203125,42524.3203125,0.0,42524.3203125,42524.3203125,scenarios_stress
2011-05-01 09:25:00,42524.32,42524,9,6,1,1,42524.3203125,0.0,42524.3203125,42524.3203125,42524.3203125,0.0,42524.3203125,42524.3203125,scenarios_stress
2011-05-01 09:30:00,42524.32,42524,9,6,1,1,42524.3203125,0.0,42524.3203125,42524.3203125,42524.3203125,0.0,42524.3203125,42524.3203125,scenarios_stress
2011-05-01 09:35:00,42524.32,42524,9,6,1,1,42524.3203125,0.0,42524.3203125,42524.3203125,42524.3203125,0.0,42524.3203125,42524.3203125,scenarios_stress
2011-05-01 09:40:00,42524.32,42524,9,6,1,1,42524.3203125,0.0,42524.3203125,42524.3203125,42524.3203125,0.0,42524.3203125,42524.3203125,scenarios_stress
2011-05-01 09:45:00,42524.32,42524,9,6,1,1,42524.3203125,0.0,42524.3203125,42524.3203125,42524.3203125,0.0,42524.3203125,42524.3203125,scenarios_stress
2011-05-01 09:50:00,42524.32,42524,9,6,1,1,42524.3203125,0.0,42524.3203125,42524.3203125,42524.3203125,0.0,42524.3203125,42524.3203125,scenarios_stress
2011-05-01 09:55:00,42524.32,42524,9,6,1,1,42524.3203125,0.0,42524.3203125,42524.3203125,42524.3203125,0.0,42524.3203125,42524.3203125,scenarios_stress
2011-05-01 10:00:00,42524.32,42524,10,6,1,1,42524.3203125,0.0,42524.3203125,42524.3203125,42524.3203125,0.0,42524.3203125,42524.3203125,scenarios_stress
2011-05-01 10:05:00,42524.32,42524,10,6,1,1,42524.3203125,0.0,42524.3203125,42524.3203125,42524.3203125,0.0,42524.3203125,42524.3203125,scenarios_stress
2011-05-01 10:10:00,42524.32,42524,10,6,1,1,42524.3203125,0.0,42524.3203125,42524.3203125,42524.3203125,0.0,42524.3203125,42524.3203125,scenarios_stress
2011-05-01 10:15:00,42524.32,42524,10,6,1,1,42524.3203125,0.0,42524.3203125,42524.3203125,42524.3203125,0.0,42524.3203125,42524.3203125,scenarios_stress
2011-05-01 10:20:00,42524.32,42524,10,6,1,1,42524.3203125,0.0,42524.3203125,42524.3203125,42524.3203125,0.0,42524.3203125,42524.3203125,scenarios_stress
2011-05-01 10:25:00,42524.32,42524,10,6,1,1,42524.3203125,0.0,42524.3203125,42524.3203125,42524.3203125,0.0,42524.3203125,42524.3203125,scenarios_stress
2011-05-01 10:30:00,42524.32,42524,10,6,1,1,42524.3203125,0.0,42524.3203125,42524.3203125,42524.3203125,0.0,42524.3203125,42524.3203125,scenarios_stress
2011-05-01 10:35:00,42524.32,42524,10,6,1,1,42524.3203125,0.0,42524.3203125,42524.3203125,42524.3203125,0.0,42524.3203125,42524.3203125,scenarios_stress
2011-05-01 10:40:00,42524.32,42524,10,6,1,1,42524.3203125,0.0,42524.3203125,42524.3203125,42524.3203125,0.0,42524.3203125,42524.3203125,scenarios_stress
2011-05-01 10:45:00,42524.32,42524,10,6,1,1,42524.3203125,0.0,42524.3203125,42524.3203125,42524.3203125,0.0,42524.3203125,42524.3203125,scenarios_stress
2011-05-01 10:50:00,42524.32,42524,10,6,1,1,42524.3203125,0.0,42524.3203125,42524.3203125,42524.3203125,0.0,42524.3203125,42524.3203125,scenarios_stress
2011-05-01 10:55:00,42524.32,42524,10,6,1,1,42524.3203125,0.0,42524.3203125,42524.3203125,42524.3203125,0.0,42524.3203125,42524.3203125,scenarios_stress
2011-05-01 11:00:00,42524.32,42524,11,6,1,1,42524.3203125,0.0,42524.3203125,42524.3203125,42524.3203125,0.0,42524.3203125,42524.3203125,scenarios_stress
2011-05-01 11:05:00,42524.32,42524,11,6,1,1,42524.3203125,0.0,42524.3203125,42524.3203125,42524.3203125,0.0,42524.3203125,42524.3203125,scenarios_stress
2011-05-01 11:10:00,42524.32,42524,11,6,1,1,42524.3203125,0.0,42524.3203125,42524.3203125,42524.3203125,0.0,42524.3203125,42524.3203125,scenarios_stress
2011-05-01 11:15:00,42524.32,42524,11,6,1,1,42524.3203125,0.0,42524.3203125,42524.3203125,42524.3203125,0.0,42524.3203125,42524.3203125,scenarios_stress
2011-05-01 11:20:00,42524.32,42524,11,6,1,1,42524.3203125,0.0,42524.3203125,42524.3203125,42524.3203125,0.0,42524.3203125,42524.3203125,scenarios_stress
2011-05-01 11:25:00,42524.32,42524,11,6,1,1,42524.3203125,0.0,42524.3203125,42524.3203125,42524.3203125,0.0,42524.3203125,42524.3203125,scenarios_stress
2011-05-01 11:30:00,42524.32,42524,11,6,1,1,42524.3203125,0.0,42524.3203125,42524.3203125,42524.3203125,0.0,42524.3203125,42524.3203125,scenarios_stress
2011-05-01 11:35:00,42524.32,42524,11,6,1,1,42524.3203125,0.0,42524.3203125,42524.3203125,42524.3203125,0.0,42524.3203125,42524.3203125,scenarios_stress
2011-05-01 11:40:00,42524.32,42524,11,6,1,1,42524.3203125,0.0,42524.3203125,42524.3203125,42524.3203125,0.0,42524.3203125,42524.3203125,scenarios_stress
2011-05-01 11:45:00,42524.32,42524,11,6,1,1,42524.3203125,0.0,42524.3203125,42524.3203125,42524.3203125,0.0,42524.3203125,42524.3203125,scenarios_stress
2011-05-01 11:50:00,42524.32,42524,11,6,1,1,42524.3203125,0.0,42524.3203125,42524.3203125,42524.3203125,0.0,42524.3203125,42524.3203125,scenarios_stress
2011-05-01 11:55:00,42524.32,42524,11,6,1,1,42524.3203125,0.0,42524.3203125,42524.3203125,42524.3203125,0.0,42524.3203125,42524.3203125,scenarios_stress
2011-05-01 12:00:00,42524.32,42524,12,6,1,1,42524.3203125,0.0,42524.3203125,42524.3203125,42524.3203125,0.0,42524.3203125,42524.3203125,scenarios_stress
2011-05-01 12:05:00,42524.32,42524,12,6,1,1,42524.3203125,0.0,42524.3203125,42524.3203125,42524.3203125,0.0,42524.3203125,42524.3203125,scenarios_stress
2011-05-01 12:10:00,42524.32,42524,12,6,1,1,42524.3203125,0.0,42524.3203125,42524.3203125,42524.3203125,0.0,42524.3203125,42524.3203125,scenarios_stress
2011-05-01 12:15:00,42524.32,42524,12,6,1,1,42524.3203125,0.0,42524.3203125,42524.3203125,42524.3203125,0.0,42524.3203125,42524.3203125,scenarios_stress
2011-05-01 12:20:00,42524.32,42524,12,6,1,1,42524.3203125,0.0,42524.3203125,42524.3203125,42524.3203125,0.0,42524.3203125,42524.3203125,scenarios_stress
2011-05-01 12:25:00,42524.32,42524,12,6,1,1,42524.3203125,0.0,42524.3203125,42524.3203125,42524.3203125,0.0,42524.3203125,42524.3203125,scenarios_stress
2011-05-01 12:30:00,42524.32,42524,12,6,1,1,42524.3203125,0.0,42524.3203125,42524.3203125,42524.3203125,0.0,42524.3203125,42524.3203125,scenarios_stress
2011-05-01 12:35:00,42524.32,42524,12,6,1,1,42524.3203125,0.0,42524.3203125,42524.3203125,42524.3203125,0.0,42524.3203125,42524.3203125,scenarios_stress
2011-05-01 12:40:00,42524.32,42524,12,6,1,1,42524.3203125,0.0,42524.3203125,42524.3203125,42524.3203125,0.0,42524.3203125,42524.3203125,scenarios_stress
2011-05-01 12:45:00,42524.32,42524,12,6,1,1,42524.3203125,0.0,42524.3203125,42524.3203125,42524.3203125,0.0,42524.3203125,42524.3203125,scenarios_stress
2011-05-01 12:50:00,42524.32,42524,12,6,1,1,42524.3203125,0.0,42524.3203125,42524.3203125,42524.3203125,0.0,42524.3203125,42524.3203125,scenarios_stress
2011-05-01 12:55:00,42524.32,42524,12,6,1,1,42524.3203125,0.0,42524.3203125,42524.3203125,42524.3203125,0.0,42524.3203125,42524.3203125,scenarios_stress
2011-05-01 13:00:00,42524.32,42524,13,6,1,1,42524.3203125,0.0,42524.3203125,42524.3203125,42524.3203125,0.0,42524.3203125,42524.3203125,scenarios_stress
2011-05-01 13:05:00,42524.32,42524,13,6,1,1,42524.3203125,0.0,42524.3203125,42524.3203125,42524.3203125,0.0,42524.3203125,42524.3203125,scenarios_stress
2011-05-01 13:10:00,42524.32,42524,13,6,1,1,42524.3203125,0.0,42524.3203125,42524.3203125,42524.3203125,0.0,42524.3203125,42524.3203125,scenarios_stress
2011-05-01 13:15:00,42524.32,42524,13,6,1,1,42524.3203125,0.0,42524.3203125,42524.3203125,42524.3203125,0.0,42524.3203125,42524.3203125,scenarios_stress
2011-05-01 13:20:00,42524.32,42524,13,6,1,1,42524.3203125,0.0,42524.3203125,42524.3203125,42524.3203125,0.0,42524.3203125,42524.3203125,scenarios_stress
2011-05-01 13:25:00,42524.32,42524,13,6,1,1,42524.3203125,0.0,42524.3203125,42524.3203125,42524.3203125,0.0,42524.3203125,42524.3203125,scenarios_stress
2011-05-01 13:30:00,42524.32,42524,13,6,1,1,42524.3203125,0.0,42524.3203125,42524.3203125,42524.3203125,0.0,42524.3203125,42524.3203125,scenarios_stress
2011-05-01 13:35:00,42524.32,42524,13,6,1,1,42524.3203125,0.0,42524.3203125,42524.3203125,42524.3203125,0.0,42524.3203125,42524.3203125,scenarios_stress
2011-05-01 13:40:00,42524.32,42524,13,6,1,1,42524.3203125,0.0,42524.3203125,42524.3203125,42524.3203125,0.0,42524.3203125,42524.3203125,scenarios_stress
2011-05-01 13:45:00,42524.32,42524,13,6,1,1,42524.3203125,0.0,42524.3203125,42524.3203125,42524.3203125,0.0,42524.3203125,42524.3203125,scenarios_stress
2011-05-01 13:50:00,42524.32,42524,13,6,1,1,42524.3203125,0.0,42524.3203125,42524.3203125,42524.3203125,0.0,42524.3203125,42524.3203125,scenarios_stress
2011-05-01 13:55:00,42524.32,42524,13,6,1,1,42524.3203125,0.0,42524.3203125,42524.3203125,42524.3203125,0.0,42524.3203125,42524.3203125,scenarios_stress
2011-05-01 14:00:00,42524.32,42524,14,6,1,1,42524.3203125,0.0,42524.3203125,42524.3203125,42524.3203125,0.0,42524.3203125,42524.3203125,scenarios_stress
2011-05-01 14:05:00,42524.32,42524,14,6,1,1,42524.3203125,0.0,42524.3203125,42524.3203125,42524.3203125,0.0,42524.3203125,42524.3203125,scenarios_stress
2011-05-01 14:10:00,42524.32,42524,14,6,1,1,42524.3203125,0.0,42524.3203125,42524.3203125,42524.3203125,0.0,42524.3203125,42524.3203125,scenarios_stress
2011-05-01 14:15:00,42524.32,42524,14,6,1,1,42524.3203125,0.0,42524.3203125,42524.3203125,42524.3203125,0.0,42524.3203125,42524.3203125,scenarios_stress
2011-05-01 14:20:00,42524.32,42524,14,6,1,1,42524.3203125,0.0,42524.3203125,42524.3203125,42524.3203125,0.0,42524.3203125,42524.3203125,scenarios_stress
2011-05-01 14:25:00,42524.32,42524,14,6,1,1,42524.3203125,0.0,42524.3203125,42524.3203125,42524.3203125,0.0,42524.3203125,42524.3203125,scenarios_stress
2011-05-01 14:30:00,42524.32,42524,14,6,1,1,42524.3203125,0.0,42524.3203125,42524.3203125,42524.3203125,0.0,42524.3203125,42524.3203125,scenarios_stress
2011-05-01 14:35:00,42524.32,42524,14,6,1,1,42524.3203125,0.0,42524.3203125,42524.3203125,42524.3203125,0.0,42524.3203125,42524.3203125,scenarios_stress
2011-05-01 14:40:00,42524.32,42524,14,6,1,1,42524.3203125,0.0,42524.3203125,42524.3203125,42524.3203125,0.0,42524.3203125,42524.3203125,scenarios_stress
2011-05-01 14:45:00,42524.32,42524,14,6,1,1,42524.3203125,0.0,42524.3203125,42524.3203125,42524.3203125,0.0,42524.3203125,42524.3203125,scenarios_stress
2011-05-01 14:50:00,42524.32,42524,14,6,1,1,42524.3203125,0.0,42524.3203125,42524.3203125,42524.3203125,0.0,42524.3203125,42524.3203125,scenarios_stress
2011-05-01 14:55:00,42524.32,42524,14,6,1,1,42524.3203125,0.0,42524.3203125,42524.3203125,42524.3203125,0.0,42524.3203125,42524.3203125,scenarios_stress
2011-05-01 15:00:00,42524.32,42524,15,6,1,1,42524.3203125,0.0,42524.3203125,42524.3203125,42524.3203125,0.0,42524.3203125,42524.3203125,scenarios_stress
2011-05-01 15:05:00,42524.32,42524,15,6,1,1,42524.3203125,0.0,42524.3203125,42524.3203125,42524.3203125,0.0,42524.3203125,42524.3203125,scenarios_stress
2011-05-01 15:10:00,42524.32,42524,15,6,1,1,42524.3203125,0.0,42524.3203125,42524.3203125,42524.3203125,0.0,42524.3203125,42524.3203125,scenarios_stress
2011-05-01 15:15:00,42524.32,42524,15,6,1,1,42524.3203125,0.0,42524.3203125,42524.3203125,42524.3203125,0.0,42524.3203125,42524.3203125,scenarios_stress
2011-05-01 15:20:00,42524.32,42524,15,6,1,1,42524.3203125,0.0,42524.3203125,42524.3203125,42524.3203125,0.0,42524.3203125,42524.3203125,scenarios_stress
2011-05-01 15:25:00,42524.32,42524,15,6,1,1,42524.3203125,0.0,42524.3203125,42524.3203125,42524.3203125,0.0,42524.3203125,42524.3203125,scenarios_stress
2011-05-01 15:30:00,42524.32,42524,15,6,1,1,42524.3203125,0.0,42524.3203125,42524.3203125,42524.3203125,0.0,42524.3203125,42524.3203125,scenarios_stress
2011-05-01 15:35:00,42524.32,42524,15,6,1,1,42524.3203125,0.0,42524.3203125,42524.3203125,42524.3203125,0.0,42524.3203125,42524.3203125,scenarios_stress
2011-05-01 15:40:00,42524.32,42524,15,6,1,1,42524.3203125,0.0,42524.3203125,42524.3203125,42524.3203125,0.0,42524.3203125,42524.3203125,scenarios_stress
2011-05-01 15:45:00,42524.32,42524,15,6,1,1,42524.3203125,0.0,42524.3203125,42524.3203125,42524.3203125,0.0,42524.3203125,42524.3203125,scenarios_stress
2011-05-01 15:50:00,42524.32,42524,15,6,1,1,42524.3203125,0.0,42524.3203125,42524.3203125,42524.3203125,0.0,42524.3203125,42524.3203125,scenarios_stress
2011-05-01 15:55:00,42524.32,42524,15,6,1,1,42524.3203125,0.0,42524.3203125,42524.3203125,42524.3203125,0.0,42524.3203125,42524.3203125,scenarios_stress
2011-05-01 16:00:00,42524.32,42524,16,6,1,1,42524.3203125,0.0,42524.3203125,42524.3203125,42524.3203125,0.0,42524.3203125,42524.3203125,scenarios_stress
2011-05-01 16:05:00,42524.32,42524,16,6,1,1,42524.3203125,0.0,42524.3203125,42524.3203125,42524.3203125,0.0,42524.3203125,42524.3203125,scenarios_stress
2011-05-01 16:10:00,42524.32,42524,16,6,1,1,42524.3203125,0.0,42524.3203125,42524.3203125,42524.3203125,0.0,42524.3203125,42524.3203125,scenarios_stress
2011-05-01 16:15:00,42524.32,42524,16,6,1,1,42524.3203125,0.0,42524.3203125,42524.3203125,42524.3203125,0.0,42524.3203125,42524.3203125,scenarios_stress
2011-05-01 16:20:00,42524.32,42524,16,6,1,1,42524.3203125,0.0,42524.3203125,42524.3203125,42524.3203125,0.0,42524.3203125,42524.3203125,scenarios_stress
2011-05-01 16:25:00,42524.32,42524,16,6,1,1,42524.3203125,0.0,42524.3203125,42524.3203125,42524.3203125,0.0,42524.3203125,42524.3203125,scenarios_stress
2011-05-01 16:30:00,42524.32,42524,16,6,1,1,42524.3203125,0.0,42524.3203125,42524.3203125,42524.3203125,0.0,42524.3203125,42524.3203125,scenarios_stress
2011-05-01 16:35:00,42524.32,42524,16,6,1,1,42524.3203125,0.0,42524.3203125,42524.3203125,42524.3203125,0.0,42524.3203125,42524.3203125,scenarios_stress
2011-05-01 16:40:00,42524.32,42524,16,6,1,1,42524.3203125,0.0,42524.3203125,42524.3203125,42524.3203125,0.0,42524.3203125,42524.3203125,scenarios_stress
2011-05-01 16:45:00,42524.32,42524,16,6,1,1,42524.3203125,0.0,42524.3203125,42524.3203125,42524.3203125,0.0,42524.3203125,42524.3203125,scenarios_stress
2011-05-01 16:50:00,42524.32,42524,16,6,1,1,42524.3203125,0.0,42524.3203125,42524.3203125,42524.3203125,0.0,42524.3203125,42524.3203125,scenarios_stress
2011-05-01 16:55:00,42524.32,42524,16,6,1,1,42524.3203125,0.0,42524.3203125,42524.3203125,42524.3203125,0.0,42524.3203125,42524.3203125,scenarios_stress
2011-05-01 17:00:00,42524.32,42524,17,6,1,1,42524.3203125,0.0,42524.3203125,42524.3203125,42524.3203125,0.0,42524.3203125,42524.3203125,scenarios_stress
2011-05-01 17:05:00,42524.32,42524,17,6,1,1,42524.3203125,0.0,42524.3203125,42524.3203125,42524.3203125,0.0,42524.3203125,42524.3203125,scenarios_stress
2011-05-01 17:10:00,42524.32,42524,17,6,1,1,42524.3203125,0.0,42524.3203125,42524.3203125,42524.3203125,0.0,42524.3203125,42524.3203125,scenarios_stress
2011-05-01 17:15:00,42524.32,42524,17,6,1,1,42524.3203125,0.0,42524.3203125,42524.3203125,42524.3203125,0.0,42524.3203125,42524.3203125,scenarios_stress
2011-05-01 17:20:00,42524.32,42524,17,6,1,1,42524.3203125,0.0,42524.3203125,42524.3203125,42524.3203125,0.0,42524.3203125,42524.3203125,scenarios_stress
2011-05-01 17:25:00,42524.32,42524,17,6,1,1,42524.3203125,0.0,42524.3203125,42524.3203125,42524.3203125,0.0,42524.3203125,42524.3203125,scenarios_stress
2011-05-01 17:30:00,42524.32,42524,17,6,1,1,42524.3203125,0.0,42524.3203125,42524.3203125,42524.3203125,0.0,42524.3203125,42524.3203125,scenarios_stress
2011-05-01 17:35:00,42524.32,42524,17,6,1,1,42524.3203125,0.0,42524.3203125,42524.3203125,42524.3203125,0.0,42524.3203125,42524.3203125,scenarios_stress
2011-05-01 17:40:00,42524.32,42524,17,6,1,1,42524.3203125,0.0,42524.3203125,42524.3203125,42524.3203125,0.0,42524.3203125,42524.3203125,scenarios_stress
2011-05-01 17:45:00,42524.32,42524,17,6,1,1,42524.3203125,0.0,42524.3203125,42524.3203125,42524.3203125,0.0,42524.3203125,42524.3203125,scenarios_stress
2011-05-01 17:50:00,42524.32,42524,17,6,1,1,42524.3203125,0.0,42524.3203125,42524.3203125,42524.3203125,0.0,42524.3203125,42524.3203125,scenarios_stress
2011-05-01 17:55:00,42524.32,42524,17,6,1,1,42524.3203125,0.0,42524.3203125,42524.3203125,42524.3203125,0.0,42524.3203125,42524.3203125,scenarios_stress
2011-05-01 18:00:00,42524.32,42524,18,6,1,0,42524.3203125,0.0,42524.3203125,42524.3203125,42524.3203125,0.0,42524.3203125,42524.3203125,scenarios_stress
2011-05-01 18:05:00,42524.32,42524,18,6,1,0,42524.3203125,0.0,42524.3203125,42524.3203125,42524.3203125,0.0,42524.3203125,42524.3203125,scenarios_stress
2011-05-01 18:10:00,42524.32,42524,18,6,1,0,42524.3203125,0.0,42524.3203125,42524.3203125,42524.3203125,0.0,42524.3203125,42524.3203125,scenarios_stress
2011-05-01 18:15:00,42524.32,42524,18,6,1,0,42524.3203125,0.0,42524.3203125,42524.3203125,42524.3203125,0.0,42524.3203125,42524.3203125,scenarios_stress
2011-05-01 18:20:00,42524.32,42524,18,6,1,0,42524.3203125,0.0,42524.3203125,42524.3203125,42524.3203125,0.0,42524.3203125,42524.3203125,scenarios_stress
2011-05-01 18:25:00,42524.32,42524,18,6,1,0,42524.3203125,0.0,42524.3203125,42524.3203125,42524.3203125,0.0,42524.3203125,42524.3203125,scenarios_stress
2011-05-01 18:30:00,42524.32,42524,18,6,1,0,42524.3203125,0.0,42524.3203125,42524.3203125,42524.3203125,0.0,42524.3203125,42524.3203125,scenarios_stress
2011-05-01 18:35:00,42524.32,42524,18,6,1,0,42524.3203125,0.0,42524.3203125,42524.3203125,42524.3203125,0.0,42524.3203125,42524.3203125,scenarios_stress
2011-05-01 18:40:00,42524.32,42524,18,6,1,0,42524.3203125,0.0,42524.3203125,42524.3203125,42524.3203125,0.0,42524.3203125,42524.3203125,scenarios_stress
2011-05-01 18:45:00,42524.32,42524,18,6,1,0,42524.3203125,0.0,42524.3203125,42524.3203125,42524.3203125,0.0,42524.3203125,42524.3203125,scenarios_stress
2011-05-01 18:50:00,42524.32,42524,18,6,1,0,42524.3203125,0.0,42524.3203125,42524.3203125,42524.3203125,0.0,42524.3203125,42524.3203125,scenarios_stress
2011-05-01 18:55:00,42524.32,42524,18,6,1,0,42524.3203125,0.0,42524.3203125,42524.3203125,42524.3203125,0.0,42524.3203125,42524.3203125,scenarios_stress
2011-05-01 19:00:00,42524.32,42524,19,6,1,0,42524.3203125,0.0,42524.3203125,42524.3203125,42524.3203125,0.0,42524.3203125,42524.3203125,scenarios_stress
2011-05-01 19:05:00,42524.32,42524,19,6,1,0,42524.3203125,0.0,42524.3203125,42524.3203125,42524.3203125,0.0,42524.3203125,42524.3203125,scenarios_stress
2011-05-01 19:10:00,42524.32,42524,19,6,1,0,42524.3203125,0.0,42524.3203125,42524.3203125,42524.3203125,0.0,42524.3203125,42524.3203125,scenarios_stress
2011-05-01 19:15:00,42524.32,42524,19,6,1,0,42524.3203125,0.0,42524.3203125,42524.3203125,42524.3203125,0.0,42524.3203125,42524.3203125,scenarios_stress
2011-05-01 19:20:00,42524.32,42524,19,6,1,0,42524.3203125,0.0,42524.3203125,42524.3203125,42524.3203125,0.0,42524.3203125,42524.3203125,scenarios_stress
2011-05-01 19:25:00,42524.32,42524,19,6,1,0,42524.3203125,0.0,42524.3203125,42524.3203125,42524.3203125,0.0,42524.3203125,42524.3203125,scenarios_stress
2011-05-01 19:30:00,42524.32,42524,19,6,1,0,42524.3203125,0.0,42524.3203125,42524.3203125,42524.3203125,0.0,42524.3203125,42524.3203125,scenarios_stress
2011-05-01 19:35:00,42524.32,42524,19,6,1,0,42524.3203125,0.0,42524.3203125,42524.3203125,42524.3203125,0.0,42524.3203125,42524.3203125,scenarios_stress
2011-05-01 19:40:00,42524.32,42524,19,6,1,0,42524.3203125,0.0,42524.3203125,42524.3203125,42524.3203125,0.0,42524.3203125,42524.3203125,scenarios_stress
2011-05-01 19:45:00,42524.32,42524,19,6,1,0,42524.3203125,0.0,42524.3203125,42524.3203125,42524.3203125,0.0,42524.3203125,42524.3203125,scenarios_stress
2011-05-01 19:50:00,42524.32,42524,19,6,1,0,42524.3203125,0.0,42524.3203125,42524.3203125,42524.3203125,0.0,42524.3203125,42524.3203125,scenarios_stress
2011-05-01 19:55:00,42524.32,42524,19,6,1,0,42524.3203125,0.0,42524.3203125,42524.3203125,42524.3203125,0.0,42524.3203125,42524.3203125,scenarios_stress
2011-05-01 20:00:00,42524.32,42524,20,6,1,0,42524.3203125,0.0,42524.3203125,42524.3203125,42524.3203125,0.0,42524.3203125,42524.3203125,scenarios_stress
2011-05-01 20:05:00,42524.32,42524,20,6,1,0,42524.3203125,0.0,42524.3203125,42524.3203125,42524.3203125,0.0,42524.3203125,42524.3203125,scenarios_stress
2011-05-01 20:10:00,42524.32,42524,20,6,1,0,42524.3203125,0.0,42524.3203125,42524.3203125,42524.3203125,0.0,42524.3203125,42524.3203125,scenarios_stress
2011-05-01 20:15:00,42524.32,42524,20,6,1,0,42524.3203125,0.0,42524.3203125,42524.3203125,42524.3203125,0.0,42524.3203125,42524.3203125,scenarios_stress
2011-05-01 20:20:00,42524.32,42524,20,6,1,0,42524.3203125,0.0,42524.3203125,42524.3203125,42524.3203125,0.0,42524.3203125,42524.3203125,scenarios_stress
2011-05-01 20:25:00,42524.32,42524,20,6,1,0,42524.3203125,0.0,42524.3203125,42524.3203125,42524.3203125,0.0,42524.3203125,42524.3203125,scenarios_stress
2011-05-01 20:30:00,42524.32,42524,20,6,1,0,42524.3203125,0.0,42524.3203125,42524.3203125,42524.3203125,0.0,42524.3203125,42524.3203125,scenarios_stress
2011-05-01 20:35:00,42524.32,42524,20,6,1,0,42524.3203125,0.0,42524.3203125,42524.3203125,42524.3203125,0.0,42524.3203125,42524.3203125,scenarios_stress
2011-05-01 20:40:00,42524.32,42524,20,6,1,0,42524.3203125,0.0,42524.3203125,42524.3203125,42524.3203125,0.0,42524.3203125,42524.3203125,scenarios_stress
2011-05-01 20:45:00,42524.32,42524,20,6,1,0,42524.3203125,0.0,42524.3203125,42524.3203125,42524.3203125,0.0,42524.3203125,42524.3203125,scenarios_stress
2011-05-01 20:50:00,42524.32,42524,20,6,1,0,42524.3203125,0.0,42524.3203125,42524.3203125,42524.3203125,0.0,42524.3203125,42524.3203125,scenarios_stress
2011-05-01 20:55:00,42524.32,42524,20,6,1,0,42524.3203125,0.0,42524.3203125,42524.3203125,42524.3203125,0.0,42524.3203125,42524.3203125,scenarios_stress
2011-05-01 21:00:00,42524.32,42524,21,6,1,0,42524.3203125,0.0,42524.3203125,42524.3203125,42524.3203125,0.0,42524.3203125,42524.3203125,scenarios_stress
2011-05-01 21:05:00,42524.32,42524,21,6,1,0,42524.3203125,0.0,42524.3203125,42524.3203125,42524.3203125,0.0,42524.3203125,42524.3203125,scenarios_stress
2011-05-01 21:10:00,42524.32,42524,21,6,1,0,42524.3203125,0.0,42524.3203125,42524.3203125,42524.3203125,0.0,42524.3203125,42524.3203125,scenarios_stress
2011-05-01 21:15:00,42524.32,42524,21,6,1,0,42524.3203125,0.0,42524.3203125,42524.3203125,42524.3203125,0.0,42524.3203125,42524.3203125,scenarios_stress
2011-05-01 21:20:00,42524.32,42524,21,6,1,0,42524.3203125,0.0,42524.3203125,42524.3203125,42524.3203125,0.0,42524.3203125,42524.3203125,scenarios_stress
2011-05-01 21:25:00,42524.32,42524,21,6,1,0,42524.3203125,0.0,42524.3203125,42524.3203125,42524.3203125,0.0,42524.3203125,42524.3203125,scenarios_stress
2011-05-01 21:30:00,42524.32,42524,21,6,1,0,42524.3203125,0.0,42524.3203125,42524.3203125,42524.3203125,0.0,42524.3203125,42524.3203125,scenarios_stress
2011-05-01 21:35:00,42524.32,42524,21,6,1,0,42524.3203125,0.0,42524.3203125,42524.3203125,42524.3203125,0.0,42524.3203125,42524.3203125,scenarios_stress
2011-05-01 21:40:00,42524.32,42524,21,6,1,0,42524.3203125,0.0,42524.3203125,42524.3203125,42524.3203125,0.0,42524.3203125,42524.3203125,scenarios_stress
2011-05-01 21:45:00,42524.32,42524,21,6,1,0,42524.3203125,0.0,42524.3203125,42524.3203125,42524.3203125,0.0,42524.3203125,42524.3203125,scenarios_stress
2011-05-01 21:50:00,42524.32,42524,21,6,1,0,42524.3203125,0.0,42524.3203125,42524.3203125,42524.3203125,0.0,42524.3203125,42524.3203125,scenarios_stress
2011-05-01 21:55:00,42524.32,42524,21,6,1,0,42524.3203125,0.0,42524.3203125,42524.3203125,42524.3203125,0.0,42524.3203125,42524.3203125,scenarios_stress
2011-05-01 22:00:00,42524.32,42524,22,6,1,0,42524.3203125,0.0,42524.3203125,42524.3203125,42524.3203125,0.0,42524.3203125,42524.3203125,scenarios_stress
2011-05-01 22:05:00,42524.32,42524,22,6,1,0,42524.3203125,0.0,42524.3203125,42524.3203125,42524.3203125,0.0,42524.3203125,42524.3203125,scenarios_stress
2011-05-01 22:10:00,42524.32,42524,22,6,1,0,42524.3203125,0.0,42524.3203125,42524.3203125,42524.3203125,0.0,42524.3203125,42524.3203125,scenarios_stress
2011-05-01 22:15:00,42524.32,42524,22,6,1,0,42524.3203125,0.0,42524.3203125,42524.3203125,42524.3203125,0.0,42524.3203125,42524.3203125,scenarios_stress
2011-05-01 22:20:00,42524.32,42524,22,6,1,0,42524.3203125,0.0,42524.3203125,42524.3203125,42524.3203125,0.0,42524.3203125,42524.3203125,scenarios_stress
2011-05-01 22:25:00,42524.32,42524,22,6,1,0,42524.3203125,0.0,42524.3203125,42524.3203125,42524.3203125,0.0,42524.3203125,42524.3203125,scenarios_stress
2011-05-01 22:30:00,42524.32,42524,22,6,1,0,42524.3203125,0.0,42524.3203125,42524.3203125,42524.3203125,0.0,42524.3203125,42524.3203125,scenarios_stress
2011-05-01 22:35:00,42524.32,42524,22,6,1,0,42524.3203125,0.0,42524.3203125,42524.3203125,42524.3203125,0.0,42524.3203125,42524.3203125,scenarios_stress
2011-05-01 22:40:00,42524.32,42524,22,6,1,0,42524.3203125,0.0,42524.3203125,42524.3203125,42524.3203125,0.0,42524.3203125,42524.3203125,scenarios_stress
2011-05-01 22:45:00,42524.32,42524,22,6,1,0,42524.3203125,0.0,42524.3203125,42524.3203125,42524.3203125,0.0,42524.3203125,42524.3203125,scenarios_stress
2011-05-01 22:50:00,42524.32,42524,22,6,1,0,42524.3203125,0.0,42524.3203125,42524.3203125,42524.3203125,0.0,42524.3203125,42524.3203125,scenarios_stress
2011-05-01 22:55:00,42524.32,42524,22,6,1,0,42524.3203125,0.0,42524.3203125,42524.3203125,42524.3203125,0.0,42524.3203125,42524.3203125,scenarios_stress
2011-05-01 23:00:00,42524.32,42524,23,6,1,0,42524.3203125,0.0,42524.3203125,42524.3203125,42524.3203125,0.0,42524.3203125,42524.3203125,scenarios_stress
2011-05-01 23:05:00,42524.32,42524,23,6,1,0,42524.3203125,0.0,42524.3203125,42524.3203125,42524.3203125,0.0,42524.3203125,42524.3203125,scenarios_stress
2011-05-01 23:10:00,42524.32,42524,23,6,1,0,42524.3203125,0.0,42524.3203125,42524.3203125,42524.3203125,0.0,42524.3203125,42524.3203125,scenarios_stress
2011-05-01 23:15:00,42524.32,42524,23,6,1,0,42524.3203125,0.0,42524.3203125,42524.3203125,42524.3203125,0.0,42524.3203125,42524.3203125,scenarios_stress
2011-05-01 23:20:00,42524.32,42524,23,6,1,0,42524.3203125,0.0,42524.3203125,42524.3203125,42524.3203125,0.0,42524.3203125,42524.3203125,scenarios_stress
2011-05-01 23:25:00,42524.32,42524,23,6,1,0,42524.3203125,0.0,42524.3203125,42524.3203125,42524.3203125,0.0,42524.3203125,42524.3203125,scenarios_stress
2011-05-01 23:30:00,42524.32,42524,23,6,1,0,42524.3203125,0.0,42524.3203125,42524.3203125,42524.3203125,0.0,42524.3203125,42524.3203125,scenarios_stress
2011-05-01 23:35:00,42524.32,42524,23,6,1,0,42524.3203125,0.0,42524.3203125,42524.3203125,42524.3203125,0.0,42524.3203125,42524.3203125,scenarios_stress
2011-05-01 23:40:00,42524.32,42524,23,6,1,0,42524.3203125,0.0,42524.3203125,42524.3203125,42524.3203125,0.0,42524.3203125,42524.3203125,scenarios_stress
2011-05-01 23:45:00,42524.32,42524,23,6,1,0,42524.3203125,0.0,42524.3203125,42524.3203125,42524.3203125,0.0,42524.3203125,42524.3203125,scenarios_stress
2011-05-01 23:50:00,42524.32,42524,23,6,1,0,42524.3203125,0.0,42524.3203125,42524.3203125,42524.3203125,0.0,42524.3203125,42524.3203125,scenarios_stress
2011-05-01 23:55:00,42524.32,42524,23,6,1,0,42524.3203125,0.0,42524.3203125,42524.3203125,42524.3203125,0.0,42524.3203125,42524.3203125,scenarios_stress
