{
  "train_loss": [
    85.83283608789603,
    75.78161924583478,
    73.97092157437656,
    74.36049761693123,
    73.88576724647817,
    72.88961992211105,
    72.15476738945556,
    72.18130259224064,
    72.78457846035614,
    72.80667055245921,
    72.83223897185773,
    72.66851694939545,
    72.7096231998001,
    72.69036308836542,
    73.19191111780663,
    73.47901248404993,
    72.8528623422865,
    73.34725876276006,
    72.74129047709934,
    72.4153093580383,
    72.34546107086688,
    72.4020467094295,
    72.32066667672679,
    72.25658812970747,
    72.21750398498872,
    72.11147508568527,
    72.18166336565386,
    72.35546889752973
  ],
  "train_recon": [
    85.83283608789603,
    75.14555656053743,
    73.00338989595024,
    73.22662574810218,
    72.74528834306074,
    71.8657636062875,
    71.25548629339228,
    71.22316107565527,
    71.78374432727118,
    71.72042229162395,
    71.64938061540298,
    71.42480059881895,
    71.39768103077925,
    71.2740415710112,
    71.72204071382133,
    71.92638529993553,
    71.20527526686864,
    71.64245164987132,
    70.98429183538447,
    70.60055200566245,
    70.44027159885808,
    70.511269437674,
    70.44135512041123,
    70.40232471866503,
    70.36797516122049,
    70.24591222520691,
    70.32443252057661,
    70.4978646757853
  ],
  "train_kl": [
    17.660429699727185,
    12.721251203210315,
    9.67531625210251,
    7.559145791754538,
    5.702393891403029,
    4.095425981184396,
    2.9976029975638205,
    2.7375472428390335,
    2.5020860361130857,
    2.413884749728672,
    2.3657167326679547,
    2.261302259086904,
    2.1865702248409966,
    2.1789563545205977,
    2.0998145895109652,
    2.0701696398508482,
    2.0594837547007185,
    2.0056553473130116,
    1.9522203668046392,
    1.9102711512897554,
    1.9051893633373536,
    1.8907771788907972,
    1.8793118309579502,
    1.8542637331051062,
    1.8495286419905352,
    1.8655626839695714,
    1.857230937941957,
    1.8576042507234858
  ],
  "val_loss": [
    73.47727702214168,
    71.63871862949469,
    70.93028151683318,
    70.8750221056816,
    70.64411231799004,
    69.75797770573543,
    69.27839846488757,
    69.27127045851488,
    69.35335843991011,
    72.80585489517603,
    69.93778052696815,
    71.871827345628,
    70.01190439860027,
    70.01791284023187,
    71.84225444304637,
    70.06284821339143,
    71.12057710305238,
    70.30221694555038,
    70.31508783193735,
    70.27774233695789,
    70.57896393996019,
    70.02094298142653,
    70.08856719579452,
    69.96331611046425,
    70.01998764429337,
    70.52931291629106,
    70.08747003017328,
    69.98889942658253
  ],
  "val_recon": [
    73.47727702214168,
    71.04123619275215,
    70.27172010372847,
    69.98695510473007,
    69.73471216055063,
    69.03059886052058,
    68.52526268592247,
    68.36812591552734,
    68.42301833323943,
    71.62102264013046,
    68.8976802336864,
    70.78196432651617,
    68.77305201995067,
    68.67913476014749,
    70.46709667107997,
    68.49146339220879,
    69.43142142662636,
    68.69040826650766,
    68.62271450727414,
    68.50989865034055,
    68.70265129284981,
    68.24412301870493,
    68.27161397689429,
    68.23304856129182,
    68.19745812049278,
    68.70219959356847,
    68.27888342050406,
    68.09608840942383
  ],
  "val_kl": [
    14.628321500924917,
    11.949643783080273,
    6.585613678663205,
    5.920447312868559,
    4.54700265175257,
    2.9095167013315053,
    2.510452239941328,
    2.580412167769212,
    2.3258499518418922,
    2.6329600444206824,
    2.0802001311228824,
    1.9815696691855407,
    2.0647531289320726,
    2.0596597683735385,
    1.96451120193188,
    2.095179612819965,
    2.1114450631997523,
    1.8962456690959442,
    1.8804151583940556,
    1.8608883374776595,
    1.876312445371579,
    1.7768195195075793,
    1.8169535337350307,
    1.7302671762613149,
    1.8225295971601436,
    1.827112778639182,
    1.8085862612112975,
    1.8928105250383034
  ],
  "beta": [
    0.0,
    0.05,
    0.1,
    0.15,
    0.2,
    0.25,
    0.3,
    0.35,
    0.4,
    0.45,
    0.5,
    0.55,
    0.6,
    0.65,
    0.7,
    0.75,
    0.8,
    0.85,
    0.9,
    0.95,
    1.0,
    1.0,
    1.0,
    1.0,
    1.0,
    1.0,
    1.0,
    1.0
  ]
}