{
  "nominal": {
    "mean": 937.0,
    "std": 114.44439697265625,
    "min": 798.0,
    "max": 1373.0
  },
  "optimistic": {
    "mean": 678.9099731445312,
    "std": 151.00888061523438,
    "min": 498.0,
    "max": 1321.0
  },
  "pessimistic": {
    "mean": 1232.22998046875,
    "std": 262.96783447265625,
    "min": 640.0,
    "max": 1753.0
  },
  "random": {
    "mean": 889.2449340820312,
    "std": 175.36634826660156
  },
  "stress": {
    "mean": 843.0830078125,
    "std": 215.6295166015625
  }
}