{
  "nominal": {
    "mean": 79.02430725097656,
    "std": 0.17509779334068298,
    "min": 79.0,
    "max": 81.0
  },
  "optimistic": {
    "mean": 88.97222137451172,
    "std": 0.32155105471611023,
    "min": 84.0,
    "max": 89.0
  },
  "pessimistic": {
    "mean": 66.11458587646484,
    "std": 0.8148337602615356,
    "min": 66.0,
    "max": 76.0
  },
  "random": {
    "mean": 78.52777862548828,
    "std": 0.26216113567352295
  },
  "stress": {
    "mean": 97.930908203125,
    "std": 2.363997220993042
  }
}